global_start,snapshot_ts,airline,hour,count,min,p25,p50,p75,p90,max
2025-01-01T00:10:00Z,2025-02-01T00:00:00Z,DL,0,54,-28.00,-12.75,-9.00,-4.13,2.00,30.00
2025-01-01T00:10:00Z,2025-03-01T00:00:00Z,DL,0,116,-28.00,-11.75,-8.06,-1.93,12.00,108.00
2025-01-01T00:10:00Z,2025-04-01T00:00:00Z,DL,0,277,-28.00,-10.75,-6.73,-0.51,17.71,162.00
2025-01-01T00:17:00Z,2025-02-01T00:00:00Z,AA,0,253,-15.00,-5.81,-2.91,2.79,22.13,559.00
2025-01-01T00:17:00Z,2025-03-01T00:00:00Z,AA,0,493,-18.00,-6.19,-3.21,1.78,20.49,559.00
2025-01-01T00:17:00Z,2025-04-01T00:00:00Z,AA,0,806,-20.00,-6.60,-3.54,0.97,20.51,793.00
2025-01-01T00:28:00Z,2025-02-01T00:00:00Z,UA,0,127,-13.00,-6.89,-2.51,4.93,21.52,125.00
2025-01-01T00:28:00Z,2025-03-01T00:00:00Z,UA,0,210,-14.00,-6.98,-2.59,3.61,27.26,125.00
2025-01-01T00:28:00Z,2025-04-01T00:00:00Z,UA,0,406,-20.00,-6.96,-2.78,4.36,24.95,590.00
2025-01-01T01:09:00Z,2025-02-01T00:00:00Z,UA,1,32,-16.00,-7.00,4.00,12.00,29.00,101.00
2025-01-01T01:09:00Z,2025-03-01T00:00:00Z,UA,1,59,-18.00,-9.63,1.00,8.06,29.00,101.00
2025-01-01T01:09:00Z,2025-04-01T00:00:00Z,UA,1,95,-21.00,-7.64,-1.08,10.42,39.00,105.00
2025-01-01T01:13:00Z,2025-02-01T00:00:00Z,AA,1,19,-18.00,-8.00,-6.00,4.00,22.00,318.00
2025-01-01T01:13:00Z,2025-03-01T00:00:00Z,AA,1,22,-18.00,-7.00,-5.00,6.00,13.00,318.00
2025-01-01T01:13:00Z,2025-04-01T00:00:00Z,AA,1,26,-18.00,-7.00,-5.00,4.00,13.00,318.00
2025-01-01T01:20:00Z,2025-02-01T00:00:00Z,DL,1,64,-15.00,-9.00,-4.83,2.25,36.00,105.00
2025-01-01T01:20:00Z,2025-03-01T00:00:00Z,DL,1,120,-16.00,-8.94,-5.53,1.50,39.00,288.00
2025-01-01T01:20:00Z,2025-04-01T00:00:00Z,DL,1,179,-16.00,-9.14,-5.95,-0.29,27.52,288.00
2025-01-01T02:05:00Z,2025-02-01T00:00:00Z,UA,2,32,-14.00,-8.00,-6.00,3.00,19.00,92.00
2025-01-01T02:05:00Z,2025-03-01T00:00:00Z,UA,2,62,-14.00,-8.75,-6.33,2.50,23.00,92.00
2025-01-01T02:05:00Z,2025-04-01T00:00:00Z,UA,2,70,-14.00,-9.00,-6.78,2.50,38.00,92.00
2025-01-01T03:13:00Z,2025-02-01T00:00:00Z,DL,3,6,-7.00,-4.00,-3.00,-2.00,-1.00,-1.00
2025-01-01T03:13:00Z,2025-03-01T00:00:00Z,DL,3,6,-7.00,-4.00,-3.00,-2.00,-1.00,-1.00
2025-01-01T03:13:00Z,2025-04-01T00:00:00Z,DL,3,6,-7.00,-4.00,-3.00,-2.00,-1.00,-1.00
2025-01-01T05:00:00Z,2025-02-01T00:00:00Z,AA,5,2857,-19.00,-7.45,-4.51,-1.01,10.71,1684.00
2025-01-01T05:00:00Z,2025-03-01T00:00:00Z,AA,5,5418,-19.00,-7.52,-4.72,-1.20,10.28,3092.00
2025-01-01T05:00:00Z,2025-04-01T00:00:00Z,AA,5,8694,-21.00,-7.76,-4.99,-1.54,9.32,3092.00
2025-01-01T05:05:00Z,2025-02-01T00:00:00Z,WN,5,2084,-13.00,-5.00,-3.05,-0.39,4.89,426.00
2025-01-01T05:05:00Z,2025-03-01T00:00:00Z,WN,5,4954,-15.00,-5.11,-3.07,-0.29,5.40,426.00
2025-01-01T05:05:00Z,2025-04-01T00:00:00Z,WN,5,9802,-15.00,-5.13,-3.22,-0.60,4.50,426.00
2025-01-01T05:10:00Z,2025-02-01T00:00:00Z,UA,5,900,-19.00,-7.63,-5.02,-1.16,9.15,777.00
2025-01-01T05:10:00Z,2025-03-01T00:00:00Z,UA,5,1669,-19.00,-7.88,-5.16,-1.33,7.40,777.00
2025-01-01T05:10:00Z,2025-04-01T00:00:00Z,UA,5,2885,-19.00,-7.86,-5.36,-1.63,6.29,777.00
2025-01-01T05:15:00Z,2025-02-01T00:00:00Z,DL,5,1987,-22.00,-8.32,-4.85,-0.63,14.23,1134.00
2025-01-01T05:15:00Z,2025-03-01T00:00:00Z,DL,5,3854,-22.00,-8.26,-4.93,-0.74,12.84,1134.00
2025-01-01T05:15:00Z,2025-04-01T00:00:00Z,DL,5,5895,-23.00,-8.37,-5.12,-1.08,9.66,1134.00
2025-01-01T06:00:00Z,2025-02-01T00:00:00Z,AA,6,5132,-18.00,-7.23,-4.36,-1.06,11.15,2455.00
2025-01-01T06:00:00Z,2025-02-01T00:00:00Z,DL,6,5408,-26.00,-7.68,-4.34,-0.12,14.83,1119.00
2025-01-01T06:00:00Z,2025-02-01T00:00:00Z,UA,6,3459,-20.00,-7.63,-4.78,-0.90,10.55,602.00
2025-01-01T06:00:00Z,2025-02-01T00:00:00Z,WN,6,7194,-15.00,-5.47,-3.49,-0.76,4.67,686.00
2025-01-01T06:00:00Z,2025-03-01T00:00:00Z,AA,6,10104,-18.00,-7.21,-4.54,-1.09,10.15,3403.00
2025-01-01T06:00:00Z,2025-03-01T00:00:00Z,DL,6,10494,-26.00,-7.73,-4.33,-0.33,13.75,1119.00
2025-01-01T06:00:00Z,2025-03-01T00:00:00Z,UA,6,6866,-20.00,-7.71,-4.95,-1.22,9.67,714.00
2025-01-01T06:00:00Z,2025-03-01T00:00:00Z,WN,6,14747,-15.00,-5.45,-3.50,-0.77,4.96,686.00
2025-01-01T06:00:00Z,2025-04-01T00:00:00Z,AA,6,15667,-19.00,-7.34,-4.67,-1.28,10.38,3403.00
2025-01-01T06:00:00Z,2025-04-01T00:00:00Z,DL,6,16064,-26.00,-7.90,-4.55,-0.58,10.81,1119.00
2025-01-01T06:00:00Z,2025-04-01T00:00:00Z,UA,6,11026,-20.00,-7.93,-5.23,-1.65,8.04,1035.00
2025-01-01T06:00:00Z,2025-04-01T00:00:00Z,WN,6,23713,-15.00,-5.44,-3.47,-0.79,4.72,686.00
2025-01-01T07:00:00Z,2025-02-01T00:00:00Z,WN,7,5965,-15.00,-5.54,-3.53,-0.42,7.37,481.00
2025-01-01T07:00:00Z,2025-03-01T00:00:00Z,WN,7,11539,-15.00,-5.51,-3.47,-0.50,6.97,481.00
2025-01-01T07:00:00Z,2025-04-01T00:00:00Z,WN,7,18660,-16.00,-5.25,-3.29,-0.38,7.40,481.00
2025-01-01T07:01:00Z,2025-02-01T00:00:00Z,AA,7,5409,-17.00,-6.70,-3.90,-0.34,15.45,1803.00
2025-01-01T07:01:00Z,2025-02-01T00:00:00Z,UA,7,5008,-19.00,-7.11,-4.31,-0.83,11.65,754.00
2025-01-01T07:01:00Z,2025-03-01T00:00:00Z,AA,7,10592,-23.00,-6.76,-4.03,-0.51,14.98,2352.00
2025-01-01T07:01:00Z,2025-03-01T00:00:00Z,UA,7,9991,-19.00,-7.29,-4.61,-1.24,10.11,992.00
2025-01-01T07:01:00Z,2025-04-01T00:00:00Z,AA,7,17103,-23.00,-6.78,-4.11,-0.70,14.63,2352.00
2025-01-01T07:01:00Z,2025-04-01T00:00:00Z,UA,7,16001,-22.00,-7.38,-4.77,-1.44,9.83,992.00
2025-01-01T07:04:00Z,2025-02-01T00:00:00Z,DL,7,6619,-26.00,-6.48,-3.25,1.20,20.70,915.00
2025-01-01T07:04:00Z,2025-03-01T00:00:00Z,DL,7,12819,-26.00,-6.57,-3.37,0.93,17.93,998.00
2025-01-01T07:04:00Z,2025-04-01T00:00:00Z,DL,7,20150,-26.00,-6.74,-3.64,0.41,15.16,998.00
2025-01-01T08:00:00Z,2025-02-01T00:00:00Z,AA,8,5538,-19.00,-6.09,-3.38,0.83,22.71,2336.00
2025-01-01T08:00:00Z,2025-02-01T00:00:00Z,DL,8,4967,-22.00,-5.95,-3.02,2.18,27.41,1048.00
2025-01-01T08:00:00Z,2025-02-01T00:00:00Z,UA,8,5355,-18.00,-6.56,-3.80,0.18,16.12,640.00
2025-01-01T08:00:00Z,2025-03-01T00:00:00Z,AA,8,10878,-19.00,-6.14,-3.49,0.79,22.04,2336.00
2025-01-01T08:00:00Z,2025-03-01T00:00:00Z,DL,8,9728,-26.00,-6.08,-3.07,2.46,26.61,1048.00
2025-01-01T08:00:00Z,2025-03-01T00:00:00Z,UA,8,10443,-22.00,-6.72,-3.98,0.12,16.27,1094.00
2025-01-01T08:00:00Z,2025-04-01T00:00:00Z,AA,8,16848,-19.00,-6.01,-3.41,1.11,23.60,3288.00
2025-01-01T08:00:00Z,2025-04-01T00:00:00Z,DL,8,15179,-26.00,-6.31,-3.52,1.28,21.98,1048.00
2025-01-01T08:00:00Z,2025-04-01T00:00:00Z,UA,8,15709,-22.00,-6.92,-4.18,-0.16,15.66,1094.00
2025-01-01T08:10:00Z,2025-02-01T00:00:00Z,WN,8,7394,-14.00,-5.05,-2.63,1.02,12.51,345.00
2025-01-01T08:10:00Z,2025-03-01T00:00:00Z,WN,8,14587,-15.00,-5.05,-2.59,1.07,13.59,433.00
2025-01-01T08:10:00Z,2025-04-01T00:00:00Z,WN,8,22440,-15.00,-5.00,-2.47,1.25,13.44,434.00
2025-01-01T09:00:00Z,2025-02-01T00:00:00Z,AA,9,3938,-19.00,-5.39,-2.65,2.65,26.12,2063.00
2025-01-01T09:00:00Z,2025-02-01T00:00:00Z,DL,9,3673,-19.00,-5.74,-2.39,5.09,32.07,693.00
2025-01-01T09:00:00Z,2025-02-01T00:00:00Z,UA,9,4311,-23.00,-5.65,-2.12,6.13,31.26,775.00
2025-01-01T09:00:00Z,2025-02-01T00:00:00Z,WN,9,6972,-15.00,-4.80,-1.92,3.00,17.26,721.00
2025-01-01T09:00:00Z,2025-03-01T00:00:00Z,AA,9,7489,-19.00,-5.52,-2.82,2.37,26.26,2063.00
2025-01-01T09:00:00Z,2025-03-01T00:00:00Z,DL,9,7135,-21.00,-5.98,-2.66,4.48,31.07,796.00
2025-01-01T09:00:00Z,2025-03-01T00:00:00Z,UA,9,8197,-23.00,-5.82,-2.36,4.94,27.86,1084.00
2025-01-01T09:00:00Z,2025-03-01T00:00:00Z,WN,9,13133,-15.00,-4.81,-1.89,2.85,17.51,721.00
2025-01-01T09:00:00Z,2025-04-01T00:00:00Z,AA,9,11486,-21.00,-5.64,-2.79,2.59,27.41,2063.00
2025-01-01T09:00:00Z,2025-04-01T00:00:00Z,DL,9,11185,-22.00,-5.90,-2.95,3.55,27.77,849.00
2025-01-01T09:00:00Z,2025-04-01T00:00:00Z,UA,9,12226,-23.00,-6.14,-2.87,3.40,25.57,1084.00
2025-01-01T09:00:00Z,2025-04-01T00:00:00Z,WN,9,19874,-17.00,-4.78,-1.78,3.14,17.74,721.00
2025-01-01T10:00:00Z,2025-02-01T00:00:00Z,DL,10,4237,-25.00,-6.28,-2.49,7.70,40.84,669.00
2025-01-01T10:00:00Z,2025-02-01T00:00:00Z,UA,10,3492,-21.00,-6.23,-2.72,4.49,29.52,691.00
2025-01-01T10:00:00Z,2025-02-01T00:00:00Z,WN,10,6343,-18.00,-4.64,-1.52,4.83,20.33,562.00
2025-01-01T10:00:00Z,2025-03-01T00:00:00Z,DL,10,8392,-26.00,-6.40,-2.66,6.99,37.55,706.00
2025-01-01T10:00:00Z,2025-03-01T00:00:00Z,UA,10,6858,-21.00,-6.17,-2.89,4.03,29.43,691.00
2025-01-01T10:00:00Z,2025-03-01T00:00:00Z,WN,10,12501,-18.00,-4.59,-1.49,5.14,20.74,562.00
2025-01-01T10:00:00Z,2025-04-01T00:00:00Z,DL,10,13149,-26.00,-6.50,-3.01,5.41,33.32,817.00
2025-01-01T10:00:00Z,2025-04-01T00:00:00Z,UA,10,10731,-23.00,-6.31,-3.10,3.54,29.55,691.00
2025-01-01T10:00:00Z,2025-04-01T00:00:00Z,WN,10,19572,-18.00,-4.60,-1.48,5.01,20.92,562.00
2025-01-01T10:06:00Z,2025-02-01T00:00:00Z,AA,10,3991,-26.00,-5.17,-2.24,6.58,37.18,3298.00
2025-01-01T10:06:00Z,2025-03-01T00:00:00Z,AA,10,7789,-26.00,-5.26,-2.31,6.20,34.39,3298.00
2025-01-01T10:06:00Z,2025-04-01T00:00:00Z,AA,10,11991,-26.00,-5.04,-2.18,6.33,33.43,3298.00
2025-01-01T11:00:00Z,2025-02-01T00:00:00Z,DL,11,5423,-22.00,-5.72,-1.76,9.63,40.95,1137.00
2025-01-01T11:00:00Z,2025-02-01T00:00:00Z,WN,11,7458,-15.00,-4.63,-1.33,5.82,23.15,558.00
2025-01-01T11:00:00Z,2025-03-01T00:00:00Z,DL,11,10514,-22.00,-5.73,-1.81,9.96,41.46,1137.00
2025-01-01T11:00:00Z,2025-03-01T00:00:00Z,WN,11,14024,-15.00,-4.61,-1.24,6.06,25.05,571.00
2025-01-01T11:00:00Z,2025-04-01T00:00:00Z,DL,11,16694,-22.00,-5.92,-2.19,7.87,38.10,1171.00
2025-01-01T11:00:00Z,2025-04-01T00:00:00Z,WN,11,21066,-17.00,-4.42,-0.93,6.40,25.33,580.00
2025-01-01T11:06:00Z,2025-02-01T00:00:00Z,AA,11,4551,-18.00,-5.13,-1.93,7.40,38.79,2127.00
2025-01-01T11:06:00Z,2025-02-01T00:00:00Z,UA,11,3555,-19.00,-5.45,-1.87,8.19,34.06,699.00
2025-01-01T11:06:00Z,2025-03-01T00:00:00Z,AA,11,8881,-18.00,-4.90,-1.95,7.82,40.30,2127.00
2025-01-01T11:06:00Z,2025-03-01T00:00:00Z,UA,11,6961,-19.00,-5.46,-1.93,7.57,33.79,699.00
2025-01-01T11:06:00Z,2025-04-01T00:00:00Z,AA,11,13874,-18.00,-5.11,-1.96,7.59,39.41,2127.00
2025-01-01T11:06:00Z,2025-04-01T00:00:00Z,UA,11,10728,-20.00,-5.73,-2.35,6.04,31.25,699.00
2025-01-01T12:03:00Z,2025-02-01T00:00:00Z,AA,12,3959,-18.00,-4.89,-1.13,12.05,45.73,2646.00
2025-01-01T12:03:00Z,2025-03-01T00:00:00Z,AA,12,7618,-18.00,-4.94,-1.18,11.33,45.04,2700.00
2025-01-01T12:03:00Z,2025-04-01T00:00:00Z,AA,12,11891,-20.00,-4.72,-1.18,11.94,48.76,2700.00
2025-01-01T12:10:00Z,2025-02-01T00:00:00Z,UA,12,3839,-28.00,-6.08,-2.55,4.75,29.19,1154.00
2025-01-01T12:10:00Z,2025-02-01T00:00:00Z,WN,12,6069,-16.00,-4.42,-0.66,8.79,28.36,625.00
2025-01-01T12:10:00Z,2025-03-01T00:00:00Z,UA,12,7296,-28.00,-6.12,-2.60,5.07,32.06,1154.00
2025-01-01T12:10:00Z,2025-03-01T00:00:00Z,WN,12,11925,-16.00,-4.42,-0.64,8.99,29.26,625.00
2025-01-01T12:10:00Z,2025-04-01T00:00:00Z,UA,12,11030,-28.00,-6.33,-2.86,4.46,32.06,1154.00
2025-01-01T12:10:00Z,2025-04-01T00:00:00Z,WN,12,18620,-16.00,-4.29,-0.53,9.09,30.27,625.00
2025-01-01T12:11:00Z,2025-02-01T00:00:00Z,DL,12,4736,-21.00,-6.04,-1.89,10.98,47.78,1114.00
2025-01-01T12:11:00Z,2025-03-01T00:00:00Z,DL,12,9445,-22.00,-6.14,-2.11,10.79,44.35,1160.00
2025-01-01T12:11:00Z,2025-04-01T00:00:00Z,DL,12,14549,-22.00,-6.25,-2.26,9.37,41.30,1160.00
2025-01-01T13:00:00Z,2025-02-01T00:00:00Z,DL,13,4082,-23.00,-6.28,-2.31,9.53,46.73,1051.00
2025-01-01T13:00:00Z,2025-02-01T00:00:00Z,UA,13,3903,-19.00,-6.29,-2.28,7.43,38.80,528.00
2025-01-01T13:00:00Z,2025-02-01T00:00:00Z,WN,13,7107,-19.00,-4.57,-0.70,9.02,31.13,484.00
2025-01-01T13:00:00Z,2025-03-01T00:00:00Z,DL,13,8027,-26.00,-6.14,-2.07,10.64,47.20,1117.00
2025-01-01T13:00:00Z,2025-03-01T00:00:00Z,UA,13,7678,-21.00,-6.02,-2.19,7.63,39.14,634.00
2025-01-01T13:00:00Z,2025-03-01T00:00:00Z,WN,13,13554,-19.00,-4.33,-0.60,9.53,32.45,547.00
2025-01-01T13:00:00Z,2025-04-01T00:00:00Z,DL,13,12640,-26.00,-6.24,-2.29,9.79,45.72,1176.00
2025-01-01T13:00:00Z,2025-04-01T00:00:00Z,UA,13,11835,-25.00,-6.09,-2.49,6.41,36.27,710.00
2025-01-01T13:00:00Z,2025-04-01T00:00:00Z,WN,13,20861,-19.00,-4.05,-0.23,10.35,34.09,637.00
2025-01-01T13:01:00Z,2025-02-01T00:00:00Z,AA,13,3984,-18.00,-5.29,-1.85,9.77,45.99,1293.00
2025-01-01T13:01:00Z,2025-03-01T00:00:00Z,AA,13,7714,-20.00,-5.12,-1.60,10.48,46.98,1346.00
2025-01-01T13:01:00Z,2025-04-01T00:00:00Z,AA,13,12094,-22.00,-5.06,-1.67,10.77,48.40,1346.00
2025-01-01T14:00:00Z,2025-02-01T00:00:00Z,UA,14,3520,-21.00,-6.30,-2.30,7.78,45.63,604.00
2025-01-01T14:00:00Z,2025-02-01T00:00:00Z,WN,14,6788,-15.00,-4.40,-0.35,11.11,34.50,435.00
2025-01-01T14:00:00Z,2025-03-01T00:00:00Z,UA,14,6912,-21.00,-6.32,-2.38,7.71,46.17,604.00
2025-01-01T14:00:00Z,2025-03-01T00:00:00Z,WN,14,13059,-15.00,-4.23,-0.10,11.47,35.18,475.00
2025-01-01T14:00:00Z,2025-04-01T00:00:00Z,UA,14,10761,-21.00,-6.30,-2.43,7.49,47.10,1160.00
2025-01-01T14:00:00Z,2025-04-01T00:00:00Z,WN,14,20024,-16.00,-3.86,0.45,12.58,37.50,647.00
2025-01-01T14:01:00Z,2025-02-01T00:00:00Z,DL,14,3767,-21.00,-5.73,-1.69,11.50,48.64,1109.00
2025-01-01T14:01:00Z,2025-03-01T00:00:00Z,DL,14,7323,-25.00,-5.69,-1.56,12.10,47.68,1196.00
2025-01-01T14:01:00Z,2025-04-01T00:00:00Z,DL,14,11714,-25.00,-5.73,-1.67,11.35,46.99,1196.00
2025-01-01T14:02:00Z,2025-02-01T00:00:00Z,AA,14,4260,-26.00,-5.17,-1.60,12.37,48.87,1311.00
2025-01-01T14:02:00Z,2025-03-01T00:00:00Z,AA,14,8365,-26.00,-5.09,-1.55,11.75,48.56,1311.00
2025-01-01T14:02:00Z,2025-04-01T00:00:00Z,AA,14,12737,-26.00,-4.99,-1.37,13.03,52.28,1311.00
2025-01-01T15:00:00Z,2025-02-01T00:00:00Z,WN,15,6818,-16.00,-4.40,-0.08,12.43,37.31,424.00
2025-01-01T15:00:00Z,2025-03-01T00:00:00Z,WN,15,13195,-16.00,-4.19,0.39,13.86,40.36,670.00
2025-01-01T15:00:00Z,2025-04-01T00:00:00Z,WN,15,19922,-17.00,-3.85,1.01,14.83,41.76,670.00
2025-01-01T15:06:00Z,2025-02-01T00:00:00Z,AA,15,3487,-20.00,-5.44,-1.83,11.43,52.46,1485.00
2025-01-01T15:06:00Z,2025-02-01T00:00:00Z,UA,15,2593,-26.00,-6.25,-1.90,8.45,37.30,414.00
2025-01-01T15:06:00Z,2025-03-01T00:00:00Z,AA,15,6802,-23.00,-5.31,-1.55,12.20,51.78,1963.00
2025-01-01T15:06:00Z,2025-03-01T00:00:00Z,UA,15,5021,-26.00,-6.31,-2.01,8.87,41.17,870.00
2025-01-01T15:06:00Z,2025-04-01T00:00:00Z,AA,15,10942,-23.00,-5.08,-1.07,15.81,57.15,1963.00
2025-01-01T15:06:00Z,2025-04-01T00:00:00Z,UA,15,7772,-26.00,-6.24,-1.98,9.05,44.30,870.00
2025-01-01T15:09:00Z,2025-02-01T00:00:00Z,DL,15,5013,-25.00,-5.37,-0.93,15.71,55.41,1188.00
2025-01-01T15:09:00Z,2025-03-01T00:00:00Z,DL,15,9836,-25.00,-5.37,-1.07,15.49,51.63,1188.00
2025-01-01T15:09:00Z,2025-04-01T00:00:00Z,DL,15,15296,-25.00,-5.39,-0.98,14.96,53.26,1188.00
2025-01-01T16:03:00Z,2025-02-01T00:00:00Z,AA,16,4176,-26.00,-5.33,-1.76,10.54,47.62,1468.00
2025-01-01T16:03:00Z,2025-02-01T00:00:00Z,UA,16,3731,-23.00,-6.10,-1.98,7.98,41.28,983.00
2025-01-01T16:03:00Z,2025-03-01T00:00:00Z,AA,16,8174,-26.00,-5.24,-1.58,10.99,47.45,1766.00
2025-01-01T16:03:00Z,2025-03-01T00:00:00Z,UA,16,7351,-23.00,-6.00,-2.06,8.27,42.95,983.00
2025-01-01T16:03:00Z,2025-04-01T00:00:00Z,AA,16,12557,-26.00,-4.99,-1.20,13.84,54.00,1789.00
2025-01-01T16:03:00Z,2025-04-01T00:00:00Z,UA,16,11592,-23.00,-5.96,-1.87,8.98,47.47,1030.00
2025-01-01T16:05:00Z,2025-02-01T00:00:00Z,DL,16,3478,-26.00,-5.94,-1.25,14.08,52.11,1143.00
2025-01-01T16:05:00Z,2025-02-01T00:00:00Z,WN,16,6518,-16.00,-4.70,-0.08,13.25,39.55,489.00
2025-01-01T16:05:00Z,2025-03-01T00:00:00Z,DL,16,6980,-26.00,-5.79,-1.13,14.04,50.43,1143.00
2025-01-01T16:05:00Z,2025-03-01T00:00:00Z,WN,16,12535,-17.00,-4.36,0.14,14.09,41.60,516.00
2025-01-01T16:05:00Z,2025-04-01T00:00:00Z,DL,16,11012,-26.00,-5.80,-1.20,14.29,51.71,1143.00
2025-01-01T16:05:00Z,2025-04-01T00:00:00Z,WN,16,19499,-17.00,-3.94,0.95,15.61,44.98,646.00
2025-01-01T17:00:00Z,2025-02-01T00:00:00Z,WN,17,6201,-23.00,-4.60,0.27,14.56,40.14,491.00
2025-01-01T17:00:00Z,2025-03-01T00:00:00Z,WN,17,12240,-23.00,-4.35,0.65,15.48,42.61,491.00
2025-01-01T17:00:00Z,2025-04-01T00:00:00Z,WN,17,19406,-23.00,-3.94,1.55,17.21,47.98,491.00
2025-01-01T17:09:00Z,2025-02-01T00:00:00Z,AA,17,4504,-21.00,-5.71,-1.66,12.77,49.46,1185.00
2025-01-01T17:09:00Z,2025-02-01T00:00:00Z,DL,17,4836,-30.00,-7.22,-2.65,10.21,47.57,1209.00
2025-01-01T17:09:00Z,2025-02-01T00:00:00Z,UA,17,4271,-23.00,-5.73,-1.64,9.31,41.42,945.00
2025-01-01T17:09:00Z,2025-03-01T00:00:00Z,AA,17,8752,-21.00,-5.56,-1.36,14.71,53.54,2511.00
2025-01-01T17:09:00Z,2025-03-01T00:00:00Z,DL,17,9475,-30.00,-7.19,-2.55,11.25,50.84,1222.00
2025-01-01T17:09:00Z,2025-03-01T00:00:00Z,UA,17,8212,-23.00,-5.78,-1.60,9.58,44.15,949.00
2025-01-01T17:09:00Z,2025-04-01T00:00:00Z,AA,17,13362,-23.00,-5.32,-0.92,17.23,60.00,2511.00
2025-01-01T17:09:00Z,2025-04-01T00:00:00Z,DL,17,14894,-30.00,-7.01,-2.40,11.74,50.70,1222.00
2025-01-01T17:09:00Z,2025-04-01T00:00:00Z,UA,17,12351,-23.00,-5.58,-1.50,9.92,47.05,949.00
2025-01-01T18:01:00Z,2025-02-01T00:00:00Z,DL,18,4221,-29.00,-6.23,-1.42,15.03,57.57,1078.00
2025-01-01T18:01:00Z,2025-02-01T00:00:00Z,UA,18,4022,-50.00,-5.41,-1.21,9.48,42.51,1145.00
2025-01-01T18:01:00Z,2025-03-01T00:00:00Z,DL,18,8233,-30.00,-6.26,-1.11,16.13,57.22,1173.00
2025-01-01T18:01:00Z,2025-03-01T00:00:00Z,UA,18,7859,-50.00,-5.70,-1.43,10.77,48.52,1145.00
2025-01-01T18:01:00Z,2025-04-01T00:00:00Z,DL,18,13042,-32.00,-6.26,-1.22,16.30,58.92,1173.00
2025-01-01T18:01:00Z,2025-04-01T00:00:00Z,UA,18,12278,-50.00,-5.69,-1.47,11.54,53.01,1145.00
2025-01-01T18:05:00Z,2025-02-01T00:00:00Z,WN,18,7255,-18.00,-4.85,-0.09,13.37,39.76,408.00
2025-01-01T18:05:00Z,2025-03-01T00:00:00Z,WN,18,13542,-21.00,-4.82,-0.11,14.55,43.41,515.00
2025-01-01T18:05:00Z,2025-04-01T00:00:00Z,WN,18,20730,-21.00,-4.47,0.57,16.72,48.24,515.00
2025-01-01T18:06:00Z,2025-02-01T00:00:00Z,AA,18,4414,-34.00,-4.93,-0.99,14.51,51.72,1353.00
2025-01-01T18:06:00Z,2025-03-01T00:00:00Z,AA,18,8611,-34.00,-5.00,-1.06,14.82,53.23,2331.00
2025-01-01T18:06:00Z,2025-04-01T00:00:00Z,AA,18,13533,-34.00,-4.81,-0.60,18.03,59.33,2331.00
2025-01-01T19:00:00Z,2025-02-01T00:00:00Z,AA,19,3580,-25.00,-5.27,-1.04,16.58,59.97,1613.00
2025-01-01T19:00:00Z,2025-02-01T00:00:00Z,WN,19,4778,-17.00,-5.26,-0.48,14.82,44.41,326.00
2025-01-01T19:00:00Z,2025-03-01T00:00:00Z,AA,19,7203,-25.00,-5.44,-0.95,17.15,60.75,1613.00
2025-01-01T19:00:00Z,2025-03-01T00:00:00Z,WN,19,10224,-19.00,-4.99,0.09,16.99,48.90,421.00
2025-01-01T19:00:00Z,2025-04-01T00:00:00Z,AA,19,11867,-27.00,-5.28,-0.11,21.53,67.19,1613.00
2025-01-01T19:00:00Z,2025-04-01T00:00:00Z,WN,19,17330,-21.00,-4.68,0.48,18.14,52.02,430.00
2025-01-01T19:05:00Z,2025-02-01T00:00:00Z,DL,19,3671,-30.00,-6.13,-0.71,18.84,66.41,1107.00
2025-01-01T19:05:00Z,2025-02-01T00:00:00Z,UA,19,3043,-24.00,-5.95,-1.07,11.07,39.05,914.00
2025-01-01T19:05:00Z,2025-03-01T00:00:00Z,DL,19,7330,-30.00,-6.26,-1.01,18.14,63.35,1107.00
2025-01-01T19:05:00Z,2025-03-01T00:00:00Z,UA,19,6243,-28.00,-5.70,-0.72,12.72,45.32,914.00
2025-01-01T19:05:00Z,2025-04-01T00:00:00Z,DL,19,11756,-30.00,-6.22,-0.88,19.09,65.23,1107.00
2025-01-01T19:05:00Z,2025-04-01T00:00:00Z,UA,19,10217,-28.00,-5.77,-0.81,12.93,50.83,950.00
2025-01-01T20:00:00Z,2025-02-01T00:00:00Z,AA,20,2916,-28.00,-4.68,-0.75,15.88,49.63,972.00
2025-01-01T20:00:00Z,2025-02-01T00:00:00Z,DL,20,2264,-21.00,-5.53,-1.07,16.22,52.84,856.00
2025-01-01T20:00:00Z,2025-02-01T00:00:00Z,UA,20,2619,-23.00,-4.86,0.31,15.39,47.65,853.00
2025-01-01T20:00:00Z,2025-02-01T00:00:00Z,WN,20,5076,-17.00,-4.73,0.72,16.52,44.90,341.00
2025-01-01T20:00:00Z,2025-03-01T00:00:00Z,AA,20,5878,-28.00,-4.71,-0.56,17.12,53.21,2273.00
2025-01-01T20:00:00Z,2025-03-01T00:00:00Z,DL,20,4580,-23.00,-5.60,-1.04,17.04,56.88,954.00
2025-01-01T20:00:00Z,2025-03-01T00:00:00Z,UA,20,4791,-41.00,-5.24,-0.05,14.85,50.15,1144.00
2025-01-01T20:00:00Z,2025-03-01T00:00:00Z,WN,20,10273,-17.00,-4.89,0.31,17.26,48.17,341.00
2025-01-01T20:00:00Z,2025-04-01T00:00:00Z,AA,20,9704,-28.00,-4.58,-0.05,19.09,56.55,2273.00
2025-01-01T20:00:00Z,2025-04-01T00:00:00Z,DL,20,7768,-27.00,-5.67,-1.14,18.19,60.17,1170.00
2025-01-01T20:00:00Z,2025-04-01T00:00:00Z,UA,20,7569,-41.00,-5.26,0.02,16.74,57.93,1144.00
2025-01-01T20:00:00Z,2025-04-01T00:00:00Z,WN,20,17440,-20.00,-4.62,1.14,19.17,52.97,434.00
2025-01-01T21:00:00Z,2025-02-01T00:00:00Z,AA,21,2404,-19.00,-4.40,-0.55,16.72,52.52,1147.00
2025-01-01T21:00:00Z,2025-02-01T00:00:00Z,DL,21,2368,-24.00,-5.84,-1.78,10.21,41.57,888.00
2025-01-01T21:00:00Z,2025-02-01T00:00:00Z,UA,21,1034,-21.00,-6.64,-2.00,12.31,41.85,729.00
2025-01-01T21:00:00Z,2025-02-01T00:00:00Z,WN,21,1659,-19.00,-4.04,3.39,26.10,56.40,245.00
2025-01-01T21:00:00Z,2025-03-01T00:00:00Z,AA,21,4710,-19.00,-4.63,-0.85,15.03,51.14,1272.00
2025-01-01T21:00:00Z,2025-03-01T00:00:00Z,DL,21,4582,-24.00,-5.85,-1.77,10.95,42.81,1062.00
2025-01-01T21:00:00Z,2025-03-01T00:00:00Z,UA,21,1970,-21.00,-6.76,-2.31,11.57,46.43,736.00
2025-01-01T21:00:00Z,2025-03-01T00:00:00Z,WN,21,4146,-19.00,-4.65,2.18,22.92,58.89,315.00
2025-01-01T21:00:00Z,2025-04-01T00:00:00Z,AA,21,7412,-20.00,-4.50,-0.31,17.58,55.80,1420.00
2025-01-01T21:00:00Z,2025-04-01T00:00:00Z,DL,21,7359,-24.00,-5.66,-1.59,11.72,45.10,1118.00
2025-01-01T21:00:00Z,2025-04-01T00:00:00Z,UA,21,3622,-21.00,-6.49,-1.95,12.66,47.49,736.00
2025-01-01T21:00:00Z,2025-04-01T00:00:00Z,WN,21,8944,-22.00,-4.55,2.25,23.20,60.87,410.00
2025-01-01T22:00:00Z,2025-02-01T00:00:00Z,AA,22,2060,-20.00,-5.86,-2.44,9.91,41.10,1447.00
2025-01-01T22:00:00Z,2025-02-01T00:00:00Z,DL,22,2559,-22.00,-5.86,-2.27,7.09,36.66,1061.00
2025-01-01T22:00:00Z,2025-02-01T00:00:00Z,UA,22,878,-21.00,-6.38,-2.60,6.91,32.98,1048.00
2025-01-01T22:00:00Z,2025-03-01T00:00:00Z,AA,22,4157,-20.00,-5.77,-2.17,10.56,42.18,1447.00
2025-01-01T22:00:00Z,2025-03-01T00:00:00Z,DL,22,4937,-22.00,-5.91,-2.08,7.91,36.90,1061.00
2025-01-01T22:00:00Z,2025-03-01T00:00:00Z,UA,22,1668,-21.00,-6.77,-2.91,6.02,27.08,1048.00
2025-01-01T22:00:00Z,2025-04-01T00:00:00Z,AA,22,7128,-20.00,-5.56,-1.62,12.62,45.18,1447.00
2025-01-01T22:00:00Z,2025-04-01T00:00:00Z,DL,22,7821,-22.00,-5.75,-2.08,8.51,38.30,1061.00
2025-01-01T22:00:00Z,2025-04-01T00:00:00Z,UA,22,2711,-28.00,-6.77,-2.82,5.32,27.70,1048.00
2025-01-01T23:00:00Z,2025-02-01T00:00:00Z,AA,23,754,-19.00,-6.00,-2.25,4.92,28.18,1041.00
2025-01-01T23:00:00Z,2025-02-01T00:00:00Z,DL,23,737,-22.00,-6.31,-2.01,6.80,30.03,897.00
2025-01-01T23:00:00Z,2025-02-01T00:00:00Z,UA,23,980,-20.00,-7.47,-3.32,4.67,25.35,1124.00
2025-01-01T23:00:00Z,2025-03-01T00:00:00Z,AA,23,1448,-20.00,-6.19,-2.33,4.90,28.50,1041.00
2025-01-01T23:00:00Z,2025-03-01T00:00:00Z,DL,23,1357,-22.00,-6.31,-1.89,7.10,30.92,929.00
2025-01-01T23:00:00Z,2025-03-01T00:00:00Z,UA,23,1827,-20.00,-7.80,-3.78,3.70,22.58,1124.00
2025-01-01T23:00:00Z,2025-04-01T00:00:00Z,AA,23,2305,-22.00,-6.05,-2.25,6.19,32.05,1041.00
2025-01-01T23:00:00Z,2025-04-01T00:00:00Z,DL,23,2339,-22.00,-6.42,-2.26,6.88,31.61,942.00
2025-01-01T23:00:00Z,2025-04-01T00:00:00Z,UA,23,3058,-24.00,-7.90,-4.04,3.45,23.06,1124.00
2025-01-02T22:00:00Z,2025-02-01T00:00:00Z,WN,22,505,-15.00,-0.21,15.72,37.35,66.46,187.00
2025-01-02T22:00:00Z,2025-03-01T00:00:00Z,WN,22,1664,-15.00,-3.99,6.56,30.70,66.68,242.00
2025-01-02T22:00:00Z,2025-04-01T00:00:00Z,WN,22,4579,-17.00,-3.86,4.61,27.97,66.31,250.00
2025-02-13T23:05:00Z,2025-03-01T00:00:00Z,WN,23,39,-15.00,-6.00,-3.00,8.00,22.00,103.00
2025-02-13T23:05:00Z,2025-04-01T00:00:00Z,WN,23,309,-15.00,-3.93,-0.39,7.39,20.65,103.00
