timestamp_ms,label,source_subtask_index,window_start_ms,window_end_ms,window_duration_ms,window_events,total_events,min_latency_ms,max_latency_ms,avg_latency_ms,watermark_strategy,parallelism
1782743342070,q1-1h-result-WM100,0,1782743336959,1782743342070,5111,13,13,456,876,569.615,WM100,2
1782743342070,q1-1h-result-WM100,1,1782743336966,1782743342070,5104,9,9,447,683,496.222,WM100,2
1782743342154,q2-1h-result-WM100,0,1782743337016,1782743342154,5138,5,5,552,593,570.600,WM100,2
1782743342355,q2-1h-result-WM100,1,1782743336933,1782743342355,5422,1,1,583,583,583.000,WM100,2
1782743342757,q2-6h-result-WM100,0,1782743337001,1782743342757,5756,1,1,611,611,611.000,WM100,2
1782743344894,q3-1day-result-WM100,0,1782743336956,1782743344894,7938,1,1,4946,4946,4946.000,WM100,2
1782743344894,q3-1day-result-WM100,1,1782743336957,1782743344894,7937,1,1,4716,4716,4716.000,WM100,2
1782743344894,q3-7day-result-WM100,0,1782743337013,1782743344894,7881,1,1,4946,4946,4946.000,WM100,2
1782743344894,q3-7day-result-WM100,1,1782743337013,1782743344894,7881,1,1,4716,4716,4716.000,WM100,2
1782743344958,q2-6h-result-WM100,1,1782743337009,1782743344958,7949,1,1,583,583,583.000,WM100,2
1782743347081,q1-1h-result-WM100,0,1782743342070,1782743347081,5011,50,63,392,697,507.740,WM100,2
1782743347081,q1-1h-result-WM100,1,1782743342070,1782743347081,5011,44,53,392,605,491.636,WM100,2
1782743347157,q2-1h-result-WM100,0,1782743342154,1782743347157,5003,61,66,490,702,580.492,WM100,2
1782743347957,q2-1h-result-WM100,1,1782743342355,1782743347957,5602,76,77,477,719,591.408,WM100,2
1782743348359,q2-6h-result-WM100,0,1782743342757,1782743348359,5602,30,31,492,696,566.300,WM100,2
1782743352084,q1-1h-result-WM100,0,1782743347081,1782743352084,5003,50,113,367,632,494.380,WM100,2
1782743352084,q1-1h-result-WM100,1,1782743347081,1782743352084,5003,45,98,379,624,483.333,WM100,2
1782743352360,q2-1h-result-WM100,0,1782743347157,1782743352360,5203,92,158,455,673,573.174,WM100,2
1782743352960,q2-1h-result-WM100,1,1782743347957,1782743352960,5003,61,138,459,708,560.164,WM100,2
1782743353901,q3-1day-result-WM100,0,1782743344894,1782743353901,9007,73,74,517,5112,2411.288,WM100,2
1782743353901,q3-1day-result-WM100,1,1782743344894,1782743353901,9007,92,93,517,4925,2617.641,WM100,2
1782743353963,q2-6h-result-WM100,0,1782743348359,1782743353963,5604,30,61,445,699,549.633,WM100,2
1782743357089,q1-1h-result-WM100,0,1782743352084,1782743357089,5005,50,163,343,751,480.560,WM100,2
1782743357089,q1-1h-result-WM100,1,1782743352084,1782743357089,5005,45,143,337,653,465.044,WM100,2
1782743357563,q2-1h-result-WM100,0,1782743352360,1782743357563,5203,108,266,414,643,540.861,WM100,2
1782743357964,q2-1h-result-WM100,1,1782743352960,1782743357964,5004,44,182,474,601,528.750,WM100,2
1782743360667,q2-6h-result-WM100,0,1782743353963,1782743360667,6704,40,101,460,921,624.625,WM100,2
1782743361668,q2-6h-result-WM100,1,1782743344958,1782743361668,16710,20,21,507,1028,760.400,WM100,2
1782743362192,q1-1h-result-WM100,0,1782743357089,1782743362192,5103,50,213,332,707,453.040,WM100,2
1782743362192,q1-1h-result-WM100,1,1782743357089,1782743362192,5103,45,188,321,607,439.578,WM100,2
1782743362792,q3-1day-result-WM100,0,1782743353901,1782743362792,8891,74,148,484,4849,2328.608,WM100,2
1782743362792,q3-1day-result-WM100,1,1782743353901,1782743362792,8891,92,185,484,4850,2568.717,WM100,2
1782743364268,q2-1h-result-WM100,1,1782743357964,1782743364268,6304,56,238,436,666,546.839,WM100,2
1782743364868,q2-1h-result-WM100,0,1782743357563,1782743364868,7305,74,340,425,705,555.041,WM100,2
1782743367394,q1-1h-result-WM100,0,1782743362192,1782743367394,5202,50,263,386,692,502.360,WM100,2
1782743367394,q1-1h-result-WM100,1,1782743362192,1782743367394,5202,44,232,389,629,499.091,WM100,2
1782743367472,q2-6h-result-WM100,1,1782743361668,1782743367472,5804,30,51,497,940,619.400,WM100,2
1782743369271,q2-1h-result-WM100,1,1782743364268,1782743369271,5003,71,309,471,706,582.606,WM100,2
1782743369673,q2-6h-result-WM100,0,1782743360667,1782743369673,9006,20,121,520,653,578.500,WM100,2
1782743369872,q2-1h-result-WM100,0,1782743364868,1782743369872,5004,71,411,461,672,577.831,WM100,2
1782743371812,q3-1day-result-WM100,0,1782743362792,1782743371812,9020,73,221,496,4928,2395.274,WM100,2
1782743371812,q3-1day-result-WM100,1,1782743362792,1782743371812,9020,92,277,496,4928,2609.304,WM100,2
1782743372397,q1-1h-result-WM100,0,1782743367394,1782743372397,5003,47,310,365,838,519.426,WM100,2
1782743372798,q1-1h-result-WM100,1,1782743367394,1782743372798,5404,39,271,365,791,488.231,WM100,2
1782743374675,q2-1h-result-WM100,1,1782743369271,1782743374675,5404,42,351,443,627,543.548,WM100,2
1782743375075,q2-1h-result-WM100,0,1782743369872,1782743375075,5203,74,485,475,675,563.838,WM100,2
1782743375077,q2-6h-result-WM100,0,1782743369673,1782743375077,5404,30,151,468,792,594.033,WM100,2
1782743376215,q3-7day-result-WM100,0,1782743344894,1782743376215,31321,36,37,517,4781,2371.111,WM100,2
1782743376215,q3-7day-result-WM100,1,1782743344894,1782743376215,31321,46,47,517,4807,2564.304,WM100,2
1782743377401,q1-1h-result-WM100,0,1782743372397,1782743377401,5004,46,356,356,928,509.065,WM100,2
1782743377803,q1-1h-result-WM100,1,1782743372798,1782743377803,5005,43,314,335,902,456.256,WM100,2
1782743378479,q2-6h-result-WM100,1,1782743367472,1782743378479,11007,20,71,504,1215,872.200,WM100,2
1782743379678,q2-1h-result-WM100,1,1782743374675,1782743379678,5003,58,409,410,603,497.017,WM100,2
1782743380378,q2-1h-result-WM100,0,1782743375075,1782743380378,5303,54,539,413,625,496.556,WM100,2
1782743380617,q3-1day-result-WM100,0,1782743371812,1782743380617,8805,72,293,484,4817,2372.639,WM100,2
1782743380617,q3-1day-result-WM100,1,1782743371812,1782743380617,8805,88,365,484,4893,2474.534,WM100,2
1782743380781,q2-6h-result-WM100,0,1782743375077,1782743380781,5704,20,171,465,960,639.650,WM100,2
1782743382504,q1-1h-result-WM100,0,1782743377401,1782743382504,5103,49,405,327,956,481.796,WM100,2
1782743382906,q1-1h-result-WM100,1,1782743377803,1782743382906,5103,44,358,327,904,473.818,WM100,2
1782743384981,q2-1h-result-WM100,1,1782743379678,1782743384981,5303,62,471,417,723,578.194,WM100,2
1782743385183,q2-6h-result-WM100,1,1782743378479,1782743385183,6704,30,101,499,794,599.600,WM100,2
1782743386782,q2-1h-result-WM100,0,1782743380378,1782743386782,6404,43,582,543,699,618.279,WM100,2
1782743387507,q1-1h-result-WM100,0,1782743382504,1782743387507,5003,49,454,410,1072,562.306,WM100,2
1782743387585,q2-6h-result-WM100,0,1782743380781,1782743387585,6804,20,191,575,1014,733.550,WM100,2
1782743387909,q1-1h-result-WM100,1,1782743382906,1782743387909,5003,43,401,390,1038,524.000,WM100,2
1782743389723,q3-1day-result-WM100,0,1782743380617,1782743389723,9106,72,365,411,4863,2280.875,WM100,2
1782743389723,q3-1day-result-WM100,1,1782743380617,1782743389723,9106,89,454,411,4889,2406.798,WM100,2
1782743391186,q2-1h-result-WM100,1,1782743384981,1782743391186,6205,52,523,476,674,575.673,WM100,2
1782743391986,q2-1h-result-WM100,0,1782743386782,1782743391986,5204,47,629,503,698,584.468,WM100,2
1782743392510,q1-1h-result-WM100,0,1782743387507,1782743392510,5003,49,503,392,995,523.224,WM100,2
1782743392912,q1-1h-result-WM100,1,1782743387909,1782743392912,5003,43,444,360,980,490.326,WM100,2
1782743392988,q2-6h-result-WM100,0,1782743387585,1782743392988,5403,20,211,470,692,618.300,WM100,2
1782743394189,q2-6h-result-WM100,1,1782743385183,1782743394189,9006,30,131,525,991,720.500,WM100,2
1782743396189,q2-1h-result-WM100,1,1782743391186,1782743396189,5003,70,593,436,646,524.286,WM100,2
1782743397190,q2-1h-result-WM100,0,1782743391986,1782743397190,5204,92,721,424,647,517.935,WM100,2
1782743397515,q1-1h-result-WM100,0,1782743392510,1782743397515,5005,51,554,326,902,470.608,WM100,2
1782743397915,q1-1h-result-WM100,1,1782743392912,1782743397915,5003,45,489,324,910,455.667,WM100,2
1782743398530,q3-1day-result-WM100,0,1782743389723,1782743398530,8807,73,438,497,4870,2358.411,WM100,2
1782743398530,q3-1day-result-WM100,1,1782743389723,1782743398530,8807,88,542,497,4856,2481.455,WM100,2
1782743398591,q2-6h-result-WM100,0,1782743392988,1782743398591,5603,20,231,470,716,514.000,WM100,2
1782743401292,q2-1h-result-WM100,1,1782743396189,1782743401292,5103,65,658,401,613,485.292,WM100,2
1782743402293,q2-1h-result-WM100,0,1782743397190,1782743402293,5103,66,787,433,690,550.076,WM100,2
1782743402616,q1-1h-result-WM100,0,1782743397515,1782743402616,5101,47,601,318,867,477.936,WM100,2
1782743403017,q1-1h-result-WM100,1,1782743397915,1782743403017,5102,41,530,311,838,471.732,WM100,2
1782743403094,q2-6h-result-WM100,1,1782743394189,1782743403094,8905,20,151,402,889,576.100,WM100,2
1782743406295,q2-1h-result-WM100,1,1782743401292,1782743406295,5003,76,734,472,706,602.013,WM100,2
1782743407496,q2-1h-result-WM100,0,1782743402293,1782743407496,5203,34,821,562,758,634.235,WM100,2
1782743407621,q1-1h-result-WM100,0,1782743402616,1782743407621,5005,49,650,397,1014,536.224,WM100,2
1782743407636,q3-1day-result-WM100,0,1782743398530,1782743407636,9106,72,510,425,4872,2285.125,WM100,2
1782743407636,q3-1day-result-WM100,1,1782743398530,1782743407636,9106,89,631,425,4899,2411.472,WM100,2
1782743407636,q3-7day-result-WM100,0,1782743376215,1782743407636,31421,37,74,484,14124,2659.730,WM100,2
1782743407636,q3-7day-result-WM100,1,1782743376215,1782743407636,31421,46,93,484,13653,2919.043,WM100,2
1782743408222,q1-1h-result-WM100,1,1782743403017,1782743408222,5205,39,569,397,956,513.410,WM100,2
1782743409898,q2-6h-result-WM100,0,1782743398591,1782743409898,11307,30,261,495,848,641.967,WM100,2
1782743410899,q2-6h-result-WM100,1,1782743403094,1782743410899,7805,40,191,474,1237,710.425,WM100,2
1782743411298,q2-1h-result-WM100,1,1782743406295,1782743411298,5003,85,819,450,664,536.541,WM100,2
1782743412624,q1-1h-result-WM100,0,1782743407621,1782743412624,5003,45,695,375,988,525.822,WM100,2
1782743413224,q1-1h-result-WM100,1,1782743408222,1782743413224,5002,40,609,378,892,484.875,WM100,2
1782743413500,q2-1h-result-WM100,0,1782743407496,1782743413500,6004,38,859,459,682,591.026,WM100,2
1782743415502,q2-6h-result-WM100,0,1782743409898,1782743415502,5604,10,271,572,615,587.600,WM100,2
1782743416301,q2-1h-result-WM100,1,1782743411298,1782743416301,5003,97,916,414,649,501.629,WM100,2
1782743416441,q3-1day-result-WM100,0,1782743407636,1782743416441,8805,73,583,492,4833,2359.082,WM100,2
1782743416441,q3-1day-result-WM100,1,1782743407636,1782743416441,8805,88,719,492,4885,2482.102,WM100,2
1782743416502,q2-6h-result-WM100,1,1782743410899,1782743416502,5603,30,221,466,994,607.367,WM100,2
1782743417627,q1-1h-result-WM100,0,1782743412624,1782743417627,5003,48,743,339,900,494.729,WM100,2
1782743418228,q1-1h-result-WM100,1,1782743413224,1782743418228,5004,44,653,339,836,449.273,WM100,2
1782743418703,q2-1h-result-WM100,0,1782743413500,1782743418703,5203,49,908,398,626,518.020,WM100,2
1782743421207,q2-6h-result-WM100,0,1782743415502,1782743421207,5705,30,301,432,864,583.000,WM100,2
1782743422729,q1-1h-result-WM100,0,1782743417627,1782743422729,5102,49,792,322,1079,512.163,WM100,2
1782743423204,q2-1h-result-WM100,1,1782743416301,1782743423204,6903,48,964,414,645,519.167,WM100,2
1782743423331,q1-1h-result-WM100,1,1782743418228,1782743423331,5103,43,696,323,989,480.419,WM100,2
1782743423806,q2-1h-result-WM100,0,1782743418703,1782743423806,5103,80,988,432,755,580.713,WM100,2
1782743425547,q3-1day-result-WM100,0,1782743416441,1782743425547,9106,73,656,423,4866,2319.068,WM100,2
1782743425547,q3-1day-result-WM100,1,1782743416441,1782743425547,9106,89,808,423,4882,2464.910,WM100,2
1782743427735,q1-1h-result-WM100,0,1782743422729,1782743427735,5006,49,841,407,963,539.122,WM100,2
1782743427811,q2-6h-result-WM100,0,1782743421207,1782743427811,6604,40,341,549,1142,749.975,WM100,2
1782743428309,q2-1h-result-WM100,1,1782743423204,1782743428309,5105,60,1024,512,686,574.467,WM100,2
1782743428335,q1-1h-result-WM100,1,1782743423331,1782743428335,5004,46,742,362,978,513.109,WM100,2
1782743428809,q2-1h-result-WM100,0,1782743423806,1782743428809,5003,64,1052,470,662,572.531,WM100,2
1782743430012,q2-6h-result-WM100,1,1782743416502,1782743430012,13510,10,231,485,841,630.400,WM100,2
1782743432738,q1-1h-result-WM100,0,1782743427735,1782743432738,5003,49,890,375,925,499.388,WM100,2
1782743433338,q1-1h-result-WM100,1,1782743428335,1782743433338,5003,44,786,355,910,469.045,WM100,2
1782743433413,q2-1h-result-WM100,1,1782743428309,1782743433413,5104,69,1093,436,604,511.333,WM100,2
1782743433414,q2-6h-result-WM100,0,1782743427811,1782743433414,5603,20,361,485,627,549.850,WM100,2
1782743433813,q2-1h-result-WM100,0,1782743428809,1782743433813,5004,46,1098,445,638,539.891,WM100,2
1782743434352,q3-1day-result-WM100,0,1782743425547,1782743434352,8805,73,729,507,4831,2367.562,WM100,2
1782743434352,q3-1day-result-WM100,1,1782743425547,1782743434352,8805,89,897,507,4896,2514.854,WM100,2
1782743436616,q2-6h-result-WM100,1,1782743430012,1782743436616,6604,30,261,440,950,680.700,WM100,2
1782743437742,q1-1h-result-WM100,0,1782743432738,1782743437742,5004,49,939,348,855,479.102,WM100,2
1782743438342,q1-1h-result-WM100,1,1782743433338,1782743438342,5004,41,827,348,826,454.000,WM100,2
1782743438616,q2-1h-result-WM100,1,1782743433413,1782743438616,5203,61,1154,423,636,529.049,WM100,2
1782743438955,q3-7day-result-WM100,0,1782743407636,1782743438955,31319,37,111,563,14365,2745.784,WM100,2
1782743438955,q3-7day-result-WM100,1,1782743407636,1782743438955,31319,45,138,563,13799,2775.978,WM100,2
1782743439017,q2-6h-result-WM100,0,1782743433414,1782743439017,5603,20,381,537,802,602.450,WM100,2
1782743440217,q2-1h-result-WM100,0,1782743433813,1782743440217,6404,34,1132,460,600,531.706,WM100,2
1782743442846,q1-1h-result-WM100,0,1782743437742,1782743442846,5104,49,988,324,795,484.633,WM100,2
1782743443447,q1-1h-result-WM100,1,1782743438342,1782743443447,5105,42,869,324,753,474.714,WM100,2
1782743443447,q3-1day-result-WM100,0,1782743434352,1782743443447,9095,72,801,433,4899,2352.097,WM100,2
1782743443447,q3-1day-result-WM100,1,1782743434352,1782743443447,9095,88,985,433,5048,2455.534,WM100,2
1782743443520,q2-6h-result-WM100,1,1782743436616,1782743443520,6904,10,271,440,805,495.400,WM100,2
1782743444920,q2-1h-result-WM100,1,1782743438616,1782743444920,6304,41,1195,519,652,568.024,WM100,2
1782743445320,q2-1h-result-WM100,0,1782743440217,1782743445320,5103,85,1217,399,666,547.235,WM100,2
1782743445721,q2-6h-result-WM100,0,1782743439017,1782743445721,6704,30,411,561,1044,715.600,WM100,2
1782743447849,q1-1h-result-WM100,0,1782743442846,1782743447849,5003,49,1037,396,989,543.102,WM100,2
1782743448450,q1-1h-result-WM100,1,1782743443447,1782743448450,5003,39,908,399,1008,521.000,WM100,2
1782743450124,q2-1h-result-WM100,1,1782743444920,1782743450124,5204,57,1252,501,667,579.105,WM100,2
1782743450124,q2-6h-result-WM100,1,1782743443520,1782743450124,6604,20,291,530,1086,809.300,WM100,2
1782743450324,q2-1h-result-WM100,0,1782743445320,1782743450324,5004,90,1307,464,688,541.767,WM100,2
1782743452463,q3-1day-result-WM100,0,1782743443447,1782743452463,9016,72,873,511,4939,2394.653,WM100,2
1782743452463,q3-1day-result-WM100,1,1782743443447,1782743452463,9016,89,1074,511,4964,2520.326,WM100,2
1782743452852,q1-1h-result-WM100,0,1782743447849,1782743452852,5003,45,1082,372,951,525.289,WM100,2
1782743453453,q1-1h-result-WM100,1,1782743448450,1782743453453,5003,38,946,375,847,486.579,WM100,2
1782743455327,q2-1h-result-WM100,1,1782743450124,1782743455327,5203,82,1334,423,688,542.244,WM100,2
1782743455727,q2-6h-result-WM100,1,1782743450124,1782743455727,5603,40,331,441,1038,629.425,WM100,2
1782743455927,q2-1h-result-WM100,0,1782743450324,1782743455927,5603,44,1351,457,661,568.477,WM100,2
1782743457856,q1-1h-result-WM100,0,1782743452852,1782743457856,5004,48,1130,350,990,539.646,WM100,2
1782743458456,q1-1h-result-WM100,1,1782743453453,1782743458456,5003,45,991,351,958,489.622,WM100,2
1782743460130,q2-6h-result-WM100,0,1782743445721,1782743460130,14409,20,431,481,627,546.900,WM100,2
1782743460330,q2-1h-result-WM100,1,1782743455327,1782743460330,5003,86,1420,421,625,528.977,WM100,2
1782743460931,q2-1h-result-WM100,0,1782743455927,1782743460931,5004,72,1423,405,655,538.028,WM100,2
1782743461269,q3-1day-result-WM100,0,1782743452463,1782743461269,8806,73,946,562,4895,2426.247,WM100,2
1782743461269,q3-1day-result-WM100,1,1782743452463,1782743461269,8806,88,1162,562,4922,2547.193,WM100,2
1782743462959,q1-1h-result-WM100,0,1782743457856,1782743462959,5103,49,1179,332,939,473.449,WM100,2
1782743463559,q1-1h-result-WM100,1,1782743458456,1782743463559,5103,43,1034,332,917,453.465,WM100,2
1782743463633,q2-6h-result-WM100,1,1782743455727,1782743463633,7906,30,361,538,952,636.400,WM100,2
1782743465634,q2-1h-result-WM100,1,1782743460330,1782743465634,5304,46,1466,485,663,558.630,WM100,2
1782743467235,q2-1h-result-WM100,0,1782743460931,1782743467235,6304,71,1494,503,694,583.394,WM100,2
1782743467962,q1-1h-result-WM100,0,1782743462959,1782743467962,5003,49,1228,384,939,522.551,WM100,2
1782743468036,q2-6h-result-WM100,0,1782743460130,1782743468036,7906,30,461,470,1097,630.367,WM100,2
1782743468562,q1-1h-result-WM100,1,1782743463559,1782743468562,5003,43,1077,384,912,487.419,WM100,2
1782743470174,q3-1day-result-WM100,0,1782743461269,1782743470174,8905,72,1018,496,4818,2357.972,WM100,2
1782743470174,q3-1day-result-WM100,1,1782743461269,1782743470174,8905,89,1251,496,4853,2485.180,WM100,2
1782743470175,q3-7day-result-WM100,0,1782743438955,1782743470175,31220,37,148,556,9882,2610.081,WM100,2
1782743470175,q3-7day-result-WM100,1,1782743438955,1782743470175,31220,45,183,556,13748,2762.978,WM100,2
1782743472038,q2-1h-result-WM100,1,1782743465634,1782743472038,6404,67,1533,454,680,534.448,WM100,2
1782743472239,q2-1h-result-WM100,0,1782743467235,1782743472239,5004,47,1541,491,642,579.872,WM100,2
1782743472965,q1-1h-result-WM100,0,1782743467962,1782743472965,5003,49,1277,357,900,498.204,WM100,2
1782743473565,q1-1h-result-WM100,1,1782743468562,1782743473565,5003,43,1120,357,849,476.744,WM100,2
1782743473640,q2-6h-result-WM100,1,1782743463633,1782743473640,10007,20,381,566,1177,740.950,WM100,2
1782743477042,q2-1h-result-WM100,1,1782743472038,1782743477042,5004,80,1613,409,655,566.025,WM100,2
1782743477042,q2-6h-result-WM100,0,1782743468036,1782743477042,9006,40,501,454,1120,605.750,WM100,2
1782743477242,q2-1h-result-WM100,0,1782743472239,1782743477242,5003,74,1615,435,662,537.851,WM100,2
1782743477968,q1-1h-result-WM100,0,1782743472965,1782743477968,5003,49,1326,322,808,485.571,WM100,2
1782743478568,q1-1h-result-WM100,1,1782743473565,1782743478568,5003,44,1164,322,785,465.205,WM100,2
1782743479162,q3-global-result-WM100,0,1782743337008,1782743479162,142154,1,1,4773,4773,4773.000,WM100,2
1782743479162,q3-global-result-WM100,1,1782743336970,1782743479162,142192,1,1,4781,4781,4781.000,WM100,2
1782743479180,q3-1day-result-WM100,0,1782743470174,1782743479180,9006,72,1090,437,4908,2354.667,WM100,2
1782743479180,q3-1day-result-WM100,1,1782743470174,1782743479180,9006,88,1339,437,4857,2453.023,WM100,2
1782743479244,q2-6h-result-WM100,1,1782743473640,1782743479244,5604,30,411,477,1236,655.000,WM100,2
1782743479269,q2-global-result-WM100,1,1782743337007,1782743479269,142262,1,1,874,874,874.000,WM100,2
1782743482245,q2-1h-result-WM100,0,1782743477242,1782743482245,5003,57,1672,378,588,480.877,WM100,2
1782743482545,q2-6h-result-WM100,0,1782743477042,1782743482545,5503,20,521,581,663,618.800,WM100,2
1782743482745,q2-1h-result-WM100,1,1782743477042,1782743482745,5703,72,1685,397,617,505.722,WM100,2
1782743483070,q1-1h-result-WM100,0,1782743477968,1782743483070,5102,49,1375,303,967,466.776,WM100,2
1782743483671,q1-1h-result-WM100,1,1782743478568,1782743483671,5103,42,1206,316,917,448.643,WM100,2
1782743485948,q2-6h-result-WM100,1,1782743479244,1782743485948,6704,20,431,565,962,753.750,WM100,2
1782743487351,q2-1h-result-WM100,0,1782743482245,1782743487351,5106,68,1740,395,655,530.294,WM100,2
1782743487952,q2-1h-result-WM100,1,1782743482745,1782743487952,5207,61,1746,510,696,591.885,WM100,2
1782743488073,q1-1h-result-WM100,0,1782743483070,1782743488073,5003,49,1424,382,949,526.490,WM100,2
1782743488085,q3-1day-result-WM100,0,1782743479180,1782743488085,8905,72,1162,501,4874,2365.236,WM100,2
1782743488085,q3-1day-result-WM100,1,1782743479180,1782743488085,8905,89,1428,501,4825,2489.157,WM100,2
1782743488674,q1-1h-result-WM100,1,1782743483671,1782743488674,5003,39,1245,370,875,498.051,WM100,2
1782743491554,q2-6h-result-WM100,1,1782743485948,1782743491554,5606,30,461,471,801,552.933,WM100,2
1782743492355,q2-1h-result-WM100,0,1782743487351,1782743492355,5004,54,1794,460,680,570.407,WM100,2
1782743492755,q2-6h-result-WM100,0,1782743482545,1782743492755,10210,20,541,512,683,596.300,WM100,2
1782743493277,q1-1h-result-WM100,0,1782743488073,1782743493277,5204,45,1469,383,990,540.244,WM100,2
1782743493677,q1-1h-result-WM100,1,1782743488674,1782743493677,5003,39,1284,376,1000,516.513,WM100,2
1782743493956,q2-1h-result-WM100,1,1782743487952,1782743493956,6004,82,1828,454,666,552.695,WM100,2
1782743497092,q3-1day-result-WM100,0,1782743488085,1782743497092,9007,73,1235,452,4900,2347.274,WM100,2
1782743497092,q3-1day-result-WM100,1,1782743488085,1782743497092,9007,89,1517,452,4873,2496.719,WM100,2
1782743497158,q2-6h-result-WM100,1,1782743491554,1782743497158,5604,20,481,568,849,616.350,WM100,2
1782743498280,q1-1h-result-WM100,0,1782743493277,1782743498280,5003,50,1519,337,1021,513.260,WM100,2
1782743498680,q1-1h-result-WM100,1,1782743493677,1782743498680,5003,43,1327,337,714,440.930,WM100,2
1782743498759,q2-1h-result-WM100,0,1782743492355,1782743498759,6404,46,1840,432,650,530.478,WM100,2
1782743499359,q2-1h-result-WM100,1,1782743493956,1782743499359,5403,64,1892,442,657,548.531,WM100,2
1782743501494,q3-7day-result-WM100,0,1782743470175,1782743501494,31319,37,185,438,14214,2619.568,WM100,2
1782743501494,q3-7day-result-WM100,1,1782743470175,1782743501494,31319,45,228,438,13628,2644.311,WM100,2
1782743503383,q1-1h-result-WM100,0,1782743498280,1782743503383,5103,49,1568,326,863,467.184,WM100,2
1782743503783,q1-1h-result-WM100,1,1782743498680,1782743503783,5103,43,1370,338,829,448.302,WM100,2
1782743503863,q2-6h-result-WM100,1,1782743497158,1782743503863,6705,40,521,421,1070,633.500,WM100,2
1782743504063,q2-1h-result-WM100,0,1782743498759,1782743504063,5304,72,1912,405,722,517.625,WM100,2
1782743505063,q2-1h-result-WM100,1,1782743499359,1782743505063,5704,69,1961,421,656,528.290,WM100,2
1782743505999,q3-1day-result-WM100,0,1782743497092,1782743505999,8907,72,1307,435,4788,2327.097,WM100,2
1782743505999,q3-1day-result-WM100,1,1782743497092,1782743505999,8907,88,1605,435,4815,2426.886,WM100,2
1782743508265,q2-6h-result-WM100,0,1782743492755,1782743508265,15510,20,561,488,975,647.600,WM100,2
1782743508386,q1-1h-result-WM100,0,1782743503383,1782743508386,5003,49,1617,395,874,519.163,WM100,2
1782743508786,q1-1h-result-WM100,1,1782743503783,1782743508786,5003,45,1415,389,863,513.178,WM100,2
1782743509066,q2-1h-result-WM100,0,1782743504063,1782743509066,5003,99,2011,484,692,603.242,WM100,2
1782743509466,q2-6h-result-WM100,1,1782743503863,1782743509466,5603,30,551,536,877,647.500,WM100,2
1782743510266,q2-1h-result-WM100,1,1782743505063,1782743510266,5203,68,2029,475,687,566.721,WM100,2
1782743513388,q1-1h-result-WM100,0,1782743508386,1782743513388,5002,49,1666,352,1015,529.918,WM100,2
1782743513789,q1-1h-result-WM100,1,1782743508786,1782743513789,5003,44,1459,349,1022,500.364,WM100,2
1782743513869,q2-6h-result-WM100,0,1782743508265,1782743513869,5604,20,581,485,1082,669.650,WM100,2
1782743514469,q2-1h-result-WM100,0,1782743509066,1782743514469,5403,75,2086,457,647,564.093,WM100,2
1782743515004,q3-1day-result-WM100,0,1782743505999,1782743515004,9005,74,1381,471,4945,2346.622,WM100,2
1782743515004,q3-1day-result-WM100,1,1782743505999,1782743515004,9005,89,1694,471,4906,2513.270,WM100,2
1782743516870,q2-1h-result-WM100,1,1782743510266,1782743516870,6604,33,2062,497,718,596.576,WM100,2
1782743517271,q2-6h-result-WM100,1,1782743509466,1782743517271,7805,20,571,546,676,616.750,WM100,2
1782743518391,q1-1h-result-WM100,0,1782743513388,1782743518391,5003,49,1715,335,983,487.939,WM100,2
1782743518792,q1-1h-result-WM100,1,1782743513789,1782743518792,5003,43,1502,338,926,453.302,WM100,2
1782743520873,q2-1h-result-WM100,0,1782743514469,1782743520873,6404,44,2130,416,622,512.386,WM100,2
1782743522074,q2-1h-result-WM100,1,1782743516870,1782743522074,5204,111,2173,387,620,498.964,WM100,2
1782743522974,q2-6h-result-WM100,1,1782743517271,1782743522974,5703,30,601,547,916,647.400,WM100,2
1782743523494,q1-1h-result-WM100,0,1782743518391,1782743523494,5103,49,1764,320,901,460.653,WM100,2
1782743523809,q3-1day-result-WM100,0,1782743515004,1782743523809,8805,72,1453,454,4800,2341.194,WM100,2
1782743523809,q3-1day-result-WM100,1,1782743515004,1782743523809,8805,88,1782,454,4867,2440.841,WM100,2
1782743523895,q1-1h-result-WM100,1,1782743518792,1782743523895,5103,44,1546,307,846,452.364,WM100,2
1782743523975,q2-6h-result-WM100,0,1782743513869,1782743523975,10106,30,611,431,1216,624.633,WM100,2
1782743525976,q2-1h-result-WM100,0,1782743520873,1782743525976,5103,52,2182,404,680,538.500,WM100,2
1782743527172,q2-1h-result-WM100,1,1782743522074,1782743527172,5098,70,2243,482,713,573.214,WM100,2
1782743528498,q1-1h-result-WM100,0,1782743523494,1782743528498,5004,47,1811,397,946,543.404,WM100,2
1782743528898,q1-1h-result-WM100,1,1782743523895,1782743528898,5003,38,1584,397,855,534.842,WM100,2
1782743530779,q2-6h-result-WM100,0,1782743523975,1782743530779,6804,30,641,493,1289,749.100,WM100,2
1782743530979,q2-1h-result-WM100,0,1782743525976,1782743530979,5003,72,2254,493,740,592.875,WM100,2
1782743532580,q2-1h-result-WM100,1,1782743527172,1782743532580,5408,41,2284,477,670,588.829,WM100,2
1782743532915,q3-1day-result-WM100,0,1782743523809,1782743532915,9106,72,1525,389,4963,2297.903,WM100,2
1782743532915,q3-1day-result-WM100,1,1782743523809,1782743532915,9106,89,1871,389,4910,2475.831,WM100,2
1782743532915,q3-7day-result-WM100,0,1782743501494,1782743532915,31421,37,222,435,14202,2613.676,WM100,2
1782743532915,q3-7day-result-WM100,1,1782743501494,1782743532915,31421,45,273,435,13668,2643.622,WM100,2
1782743532981,q2-6h-result-WM100,1,1782743522974,1782743532981,10007,20,621,590,893,655.400,WM100,2
1782743533501,q1-1h-result-WM100,0,1782743528498,1782743533501,5003,49,1860,366,867,534.061,WM100,2
1782743533901,q1-1h-result-WM100,1,1782743528898,1782743533901,5003,38,1622,375,725,473.605,WM100,2
1782743535982,q2-1h-result-WM100,0,1782743530979,1782743535982,5003,96,2350,445,716,541.865,WM100,2
1782743538504,q1-1h-result-WM100,0,1782743533501,1782743538504,5003,44,1904,342,703,458.114,WM100,2
1782743538784,q2-1h-result-WM100,1,1782743532580,1782743538784,6204,59,2343,438,617,511.542,WM100,2
1782743538904,q1-1h-result-WM100,1,1782743533901,1782743538904,5003,45,1667,334,651,440.200,WM100,2
1782743539585,q2-6h-result-WM100,0,1782743530779,1782743539585,8806,30,671,470,664,564.700,WM100,2
1782743540985,q2-1h-result-WM100,0,1782743535982,1782743540985,5003,81,2431,405,633,496.494,WM100,2
1782743541720,q3-1day-result-WM100,0,1782743532915,1782743541720,8805,74,1599,458,4818,2295.716,WM100,2
1782743541720,q3-1day-result-WM100,1,1782743532915,1782743541720,8805,88,1959,458,4813,2443.875,WM100,2
1782743543607,q1-1h-result-WM100,0,1782743538504,1782743543607,5103,49,1953,318,611,446.837,WM100,2
1782743543884,q2-1h-result-WM100,1,1782743538784,1782743543884,5100,56,2399,415,712,536.964,WM100,2
1782743544007,q1-1h-result-WM100,1,1782743538904,1782743544007,5103,45,1712,331,600,449.000,WM100,2
1782743544088,q2-6h-result-WM100,1,1782743532981,1782743544088,11107,30,651,439,982,616.200,WM100,2
1782743545289,q2-6h-result-WM100,0,1782743539585,1782743545289,5704,30,701,453,854,561.267,WM100,2
1782743546289,q2-1h-result-WM100,0,1782743540985,1782743546289,5304,68,2499,399,692,567.059,WM100,2
1782743548610,q1-1h-result-WM100,0,1782743543607,1782743548610,5003,49,2002,404,877,541.531,WM100,2
1782743548890,q2-1h-result-WM100,1,1782743543884,1782743548890,5006,69,2468,500,702,603.609,WM100,2
1782743549010,q1-1h-result-WM100,1,1782743544007,1782743549010,5003,45,1757,379,810,521.289,WM100,2
1782743549692,q2-6h-result-WM100,1,1782743544088,1782743549692,5604,10,661,511,550,526.700,WM100,2
1782743550826,q3-1day-result-WM100,0,1782743541720,1782743550826,9106,76,1675,387,4910,2266.750,WM100,2
1782743550826,q3-1day-result-WM100,1,1782743541720,1782743550826,9106,88,2047,387,4898,2454.500,WM100,2
1782743552092,q2-1h-result-WM100,0,1782743546289,1782743552092,5803,47,2546,474,679,578.064,WM100,2
1782743553094,q2-6h-result-WM100,0,1782743545289,1782743553094,7805,30,731,565,1115,723.600,WM100,2
1782743553613,q1-1h-result-WM100,0,1782743548610,1782743553613,5003,49,2051,379,784,492.551,WM100,2
1782743553894,q2-1h-result-WM100,1,1782743548890,1782743553894,5004,60,2528,460,717,556.500,WM100,2
1782743554013,q1-1h-result-WM100,1,1782743549010,1782743554013,5003,45,1802,351,736,468.778,WM100,2
1782743555295,q2-6h-result-WM100,1,1782743549692,1782743555295,5603,20,681,531,989,684.300,WM100,2
1782743557696,q2-1h-result-WM100,0,1782743552092,1782743557696,5604,112,2658,418,671,521.384,WM100,2
1782743558616,q1-1h-result-WM100,0,1782743553613,1782743558616,5003,49,2100,349,696,455.102,WM100,2
1782743558897,q2-1h-result-WM100,1,1782743553894,1782743558897,5003,71,2599,451,641,528.352,WM100,2
1782743559016,q1-1h-result-WM100,1,1782743554013,1782743559016,5003,45,1847,336,661,439.222,WM100,2
1782743559632,q3-1day-result-WM100,0,1782743550826,1782743559632,8806,76,1751,468,4837,2264.329,WM100,2
1782743559632,q3-1day-result-WM100,1,1782743550826,1782743559632,8806,88,2135,468,4828,2454.318,WM100,2
1782743559698,q2-6h-result-WM100,0,1782743553094,1782743559698,6604,20,751,448,821,533.450,WM100,2
1782743561899,q2-6h-result-WM100,1,1782743555295,1782743561899,6604,30,711,423,920,604.600,WM100,2
1782743562699,q2-1h-result-WM100,0,1782743557696,1782743562699,5003,32,2690,413,573,479.750,WM100,2
1782743563720,q1-1h-result-WM100,0,1782743558616,1782743563720,5104,49,2149,314,799,454.122,WM100,2
1782743564120,q1-1h-result-WM100,1,1782743559016,1782743564120,5104,43,1890,317,801,449.930,WM100,2
1782743564200,q2-1h-result-WM100,1,1782743558897,1782743564200,5303,83,2682,394,679,511.904,WM100,2
1782743564235,q3-7day-result-WM100,0,1782743532915,1782743564235,31320,37,259,524,9851,2585.973,WM100,2
1782743564235,q3-7day-result-WM100,1,1782743532915,1782743564235,31320,45,318,524,13718,2731.867,WM100,2
1782743567603,q2-6h-result-WM100,0,1782743559698,1782743567603,7905,20,771,464,1007,785.150,WM100,2
1782743568203,q2-1h-result-WM100,0,1782743562699,1782743568203,5504,74,2764,475,682,581.878,WM100,2
1782743568723,q1-1h-result-WM100,0,1782743563720,1782743568723,5003,49,2198,405,1017,558.143,WM100,2
1782743568737,q3-1day-result-WM100,0,1782743559632,1782743568737,9105,76,1827,398,4882,2226.276,WM100,2
1782743568737,q3-1day-result-WM100,1,1782743559632,1782743568737,9105,88,2223,398,4837,2416.398,WM100,2
1782743569124,q1-1h-result-WM100,1,1782743564120,1782743569124,5004,43,1933,404,1021,532.256,WM100,2
1782743570004,q2-1h-result-WM100,1,1782743564200,1782743570004,5804,74,2756,511,756,606.459,WM100,2
1782743571005,q2-6h-result-WM100,1,1782743561899,1782743571005,9106,30,741,411,673,571.500,WM100,2
1782743573727,q1-1h-result-WM100,0,1782743568723,1782743573727,5004,49,2247,380,863,518.531,WM100,2
1782743574328,q1-1h-result-WM100,1,1782743569124,1782743574328,5204,40,1973,381,675,473.200,WM100,2
1782743574807,q2-1h-result-WM100,0,1782743568203,1782743574807,6604,61,2825,445,681,577.885,WM100,2
1782743575007,q2-1h-result-WM100,1,1782743570004,1782743575007,5003,88,2844,460,692,553.523,WM100,2
1782743575408,q2-6h-result-WM100,0,1782743567603,1782743575408,7805,20,791,533,1047,682.250,WM100,2
1782743576609,q2-6h-result-WM100,1,1782743571005,1782743576609,5604,30,771,460,973,596.267,WM100,2
1782743577543,q3-1day-result-WM100,0,1782743568737,1782743577543,8806,76,1903,480,4809,2272.592,WM100,2
1782743577543,q3-1day-result-WM100,1,1782743568737,1782743577543,8806,88,2311,480,4883,2463.920,WM100,2
1782743578731,q1-1h-result-WM100,0,1782743573727,1782743578731,5004,44,2291,344,641,464.250,WM100,2
1782743579331,q1-1h-result-WM100,1,1782743574328,1782743579331,5003,45,2018,347,607,455.933,WM100,2
1782743580011,q2-1h-result-WM100,0,1782743574807,1782743580011,5204,85,2910,440,671,549.941,WM100,2
1782743580211,q2-1h-result-WM100,1,1782743575007,1782743580211,5204,61,2905,422,656,542.738,WM100,2
1782743581012,q2-6h-result-WM100,0,1782743575408,1782743581012,5604,20,811,473,921,588.900,WM100,2
1782743582213,q2-6h-result-WM100,1,1782743576609,1782743582213,5604,20,791,422,776,526.350,WM100,2
1782743583833,q1-1h-result-WM100,0,1782743578731,1782743583833,5102,49,2340,342,769,479.714,WM100,2
1782743584421,q1-1h-result-WM100,1,1782743579331,1782743584421,5090,45,2063,342,732,469.400,WM100,2
1782743585114,q2-1h-result-WM100,0,1782743580011,1782743585114,5103,100,3010,438,743,587.270,WM100,2
1782743585314,q2-1h-result-WM100,1,1782743580211,1782743585314,5103,51,2956,454,579,501.333,WM100,2
1782743586648,q3-1day-result-WM100,0,1782743577543,1782743586648,9105,76,1979,412,4847,2238.382,WM100,2
1782743586648,q3-1day-result-WM100,1,1782743577543,1782743586648,9105,88,2399,406,4847,2425.761,WM100,2
1782743588837,q1-1h-result-WM100,0,1782743583833,1782743588837,5004,49,2389,413,797,524.204,WM100,2
1782743588917,q2-6h-result-WM100,0,1782743581012,1782743588917,7905,30,841,519,599,549.267,WM100,2
1782743589437,q1-1h-result-WM100,1,1782743584421,1782743589437,5016,45,2108,413,805,505.644,WM100,2
1782743589917,q2-6h-result-WM100,1,1782743582213,1782743589917,7704,20,811,485,1051,759.100,WM100,2
1782743590317,q2-1h-result-WM100,1,1782743585314,1782743590317,5003,74,3030,473,690,576.514,WM100,2
1782743590517,q2-1h-result-WM100,0,1782743585114,1782743590517,5403,71,3081,497,634,561.451,WM100,2
1782743593840,q1-1h-result-WM100,0,1782743588837,1782743593840,5003,49,2438,377,736,489.776,WM100,2
1782743594440,q1-1h-result-WM100,1,1782743589437,1782743594440,5003,45,2153,377,691,475.689,WM100,2
1782743594520,q2-6h-result-WM100,0,1782743588917,1782743594520,5603,30,871,506,1001,629.367,WM100,2
1782743595654,q3-1day-result-WM100,0,1782743586648,1782743595654,9006,76,2055,489,4952,2288.961,WM100,2
1782743595654,q3-1day-result-WM100,1,1782743586648,1782743595654,9006,88,2487,489,4907,2479.534,WM100,2
1782743595654,q3-7day-result-WM100,0,1782743564235,1782743595654,31419,38,297,520,4952,2291.974,WM100,2
1782743595654,q3-7day-result-WM100,1,1782743564235,1782743595654,31419,44,362,521,4907,2479.864,WM100,2
1782743595721,q2-6h-result-WM100,1,1782743589917,1782743595721,5804,10,821,473,859,534.200,WM100,2
1782743596921,q2-1h-result-WM100,0,1782743590517,1782743596921,6404,70,3151,452,679,548.900,WM100,2
1782743597121,q2-1h-result-WM100,1,1782743590317,1782743597121,6804,60,3090,457,685,561.600,WM100,2
1782743598844,q1-1h-result-WM100,0,1782743593840,1782743598844,5004,49,2487,355,817,496.245,WM100,2
1782743599444,q1-1h-result-WM100,1,1782743594440,1782743599444,5004,45,2198,355,828,478.489,WM100,2
1782743602124,q2-1h-result-WM100,1,1782743597121,1782743602124,5003,76,3166,434,639,540.921,WM100,2
1782743602325,q2-6h-result-WM100,1,1782743595721,1782743602325,6604,30,851,434,1005,694.900,WM100,2
1782743602925,q2-1h-result-WM100,0,1782743596921,1782743602925,6004,91,3242,420,666,546.440,WM100,2
1782743603847,q1-1h-result-WM100,0,1782743598844,1782743603847,5003,49,2536,322,799,467.735,WM100,2
1782743604459,q3-1day-result-WM100,0,1782743595654,1782743604459,8805,76,2131,548,4872,2341.592,WM100,2
1782743604459,q3-1day-result-WM100,1,1782743595654,1782743604459,8805,88,2575,548,4953,2532.830,WM100,2
1782743604544,q3-global-result-WM100,0,1782743479162,1782743604544,125382,37,38,485,23203,2800.054,WM100,2
1782743604544,q3-global-result-WM100,1,1782743479162,1782743604544,125382,46,47,485,116153,4894.500,WM100,2
1782743604547,q1-1h-result-WM100,1,1782743599444,1782743604547,5103,45,2243,323,744,451.933,WM100,2
1782743604549,q2-global-result-WM100,0,1782743336914,1782743604549,267635,1,1,757,757,757.000,WM100,2
1782743604630,q2-6h-result-WM100,0,1782743594520,1782743604630,10110,20,891,530,879,593.300,WM100,2
1782743607628,q2-1h-result-WM100,1,1782743602124,1782743607628,5504,96,3262,401,674,533.365,WM100,2
1782743608028,q2-1h-result-WM100,0,1782743602925,1782743608028,5103,70,3312,417,683,551.586,WM100,2
1782743608950,q1-1h-result-WM100,0,1782743603847,1782743608950,5103,49,2585,399,805,498.898,WM100,2
1782743609035,q2-6h-result-WM100,1,1782743602325,1782743609035,6710,20,871,452,768,527.600,WM100,2
1782743610093,q1-1h-result-WM100,1,1782743604547,1782743610093,5546,42,2285,399,695,490.167,WM100,2
1782743611236,q2-6h-result-WM100,0,1782743604630,1782743611236,6606,30,921,484,1071,648.867,WM100,2
1782743612831,q2-1h-result-WM100,1,1782743607628,1782743612831,5203,60,3322,458,679,543.217,WM100,2
1782743613032,q2-1h-result-WM100,0,1782743608028,1782743613032,5004,83,3395,457,708,555.651,WM100,2
1782743613365,q3-1day-result-WM100,0,1782743604459,1782743613365,8906,76,2207,469,4799,2241.132,WM100,2
1782743613365,q3-1day-result-WM100,1,1782743604459,1782743613365,8906,88,2663,469,4814,2432.989,WM100,2
1782743613953,q1-1h-result-WM100,0,1782743608950,1782743613953,5003,45,2630,372,912,508.756,WM100,2
1782743615112,q1-1h-result-WM100,1,1782743610093,1782743615112,5019,45,2330,378,815,479.756,WM100,2
1782743615640,q2-6h-result-WM100,1,1782743609035,1782743615640,6605,20,891,460,994,691.550,WM100,2
1782743616841,q2-6h-result-WM100,0,1782743611236,1782743616841,5605,20,941,510,568,530.800,WM100,2
1782743617835,q2-1h-result-WM100,1,1782743612831,1782743617835,5004,90,3412,432,691,569.700,WM100,2
1782743618956,q1-1h-result-WM100,0,1782743613953,1782743618956,5003,48,2678,353,863,527.667,WM100,2
1782743619236,q2-1h-result-WM100,0,1782743613032,1782743619236,6204,55,3450,449,649,539.327,WM100,2
1782743620157,q1-1h-result-WM100,1,1782743615112,1782743620157,5045,45,2375,354,788,467.156,WM100,2
1782743622371,q3-1day-result-WM100,0,1782743613365,1782743622371,9006,75,2282,418,4858,2214.000,WM100,2
1782743622371,q3-1day-result-WM100,1,1782743613365,1782743622371,9006,88,2751,418,4890,2437.693,WM100,2
1782743622444,q2-6h-result-WM100,0,1782743616841,1782743622444,5603,20,961,465,845,539.300,WM100,2
1782743623838,q2-1h-result-WM100,1,1782743617835,1782743623838,6003,44,3456,409,632,523.500,WM100,2
1782743623960,q1-1h-result-WM100,0,1782743618956,1782743623960,5004,49,2727,326,731,443.857,WM100,2
1782743624645,q2-6h-result-WM100,1,1782743615640,1782743624645,9005,30,921,439,1069,627.533,WM100,2
1782743625200,q1-1h-result-WM100,1,1782743620157,1782743625200,5043,46,2421,326,675,428.478,WM100,2
1782743625339,q2-1h-result-WM100,0,1782743619236,1782743625339,6103,59,3509,409,649,526.305,WM100,2
1782743626867,q3-7day-result-WM100,0,1782743595654,1782743626867,31213,38,335,620,4873,2378.079,WM100,2
1782743626867,q3-7day-result-WM100,1,1782743595654,1782743626867,31213,44,406,621,4954,2569.568,WM100,2
1782743628942,q2-1h-result-WM100,1,1782743623838,1782743628942,5104,95,3551,425,715,527.937,WM100,2
1782743629063,q1-1h-result-WM100,0,1782743623960,1782743629063,5103,49,2776,367,759,492.347,WM100,2
1782743629149,q2-6h-result-WM100,0,1782743622444,1782743629149,6705,10,971,535,989,755.500,WM100,2
1782743630264,q1-1h-result-WM100,1,1782743625200,1782743630264,5064,46,2467,395,702,500.261,WM100,2
1782743630349,q2-6h-result-WM100,1,1782743624645,1782743630349,5704,30,951,492,1072,627.267,WM100,2
1782743630543,q2-1h-result-WM100,0,1782743625339,1782743630543,5204,81,3590,490,709,587.173,WM100,2
1782743631276,q3-1day-result-WM100,0,1782743622371,1782743631276,8905,76,2358,406,4788,2205.342,WM100,2
1782743631276,q3-1day-result-WM100,1,1782743622371,1782743631276,8905,89,2840,406,4789,2416.966,WM100,2
1782743634068,q1-1h-result-WM100,0,1782743629063,1782743634068,5005,49,2825,380,657,495.224,WM100,2
1782743634345,q2-1h-result-WM100,1,1782743628942,1782743634345,5403,83,3634,457,662,562.506,WM100,2
1782743634752,q2-6h-result-WM100,0,1782743629149,1782743634752,5603,10,981,529,627,555.600,WM100,2
1782743635269,q1-1h-result-WM100,1,1782743630264,1782743635269,5005,46,2513,386,638,484.870,WM100,2
1782743635953,q2-6h-result-WM100,1,1782743630349,1782743635953,5604,30,981,463,943,600.567,WM100,2
1782743637147,q2-1h-result-WM100,0,1782743630543,1782743637147,6604,106,3696,484,700,584.075,WM100,2
1782743639073,q1-1h-result-WM100,0,1782743634068,1782743639073,5005,49,2874,344,818,494.796,WM100,2
1782743639348,q2-1h-result-WM100,1,1782743634345,1782743639348,5003,37,3671,453,652,567.649,WM100,2
1782743640474,q1-1h-result-WM100,1,1782743635269,1782743640474,5205,46,2559,344,773,479.261,WM100,2
1782743640479,q3-1day-result-WM100,0,1782743631276,1782743640479,9203,76,2434,441,4999,2261.539,WM100,2
1782743640479,q3-1day-result-WM100,1,1782743631276,1782743640479,9203,90,2930,441,4982,2506.511,WM100,2
1782743642557,q2-6h-result-WM100,1,1782743635953,1782743642557,6604,20,1001,533,1186,876.950,WM100,2
1782743643151,q2-1h-result-WM100,0,1782743637147,1782743643151,6004,91,3787,421,632,524.132,WM100,2
1782743643558,q2-6h-result-WM100,0,1782743634752,1782743643558,8806,30,1011,441,654,561.300,WM100,2
1782743644076,q1-1h-result-WM100,0,1782743639073,1782743644076,5003,48,2922,332,752,451.646,WM100,2
1782743645877,q1-1h-result-WM100,1,1782743640474,1782743645877,5403,42,2601,335,689,432.143,WM100,2
1782743646453,q2-1h-result-WM100,1,1782743639348,1782743646453,7105,92,3763,442,623,523.989,WM100,2
1782743648261,q2-6h-result-WM100,1,1782743642557,1782743648261,5704,20,1021,523,656,561.500,WM100,2
1782743648454,q2-1h-result-WM100,0,1782743643151,1782743648454,5303,124,3911,407,729,551.081,WM100,2
1782743649179,q1-1h-result-WM100,0,1782743644076,1782743649179,5103,48,2970,380,858,494.729,WM100,2
1782743649187,q3-1day-result-WM100,0,1782743640479,1782743649187,8708,76,2510,428,4839,2314.421,WM100,2
1782743649187,q3-1day-result-WM100,1,1782743640479,1782743649187,8708,88,3018,429,4981,2511.784,WM100,2
1782743649261,q2-6h-result-WM100,0,1782743643558,1782743649261,5703,20,1031,414,912,559.550,WM100,2
1782743650980,q1-1h-result-WM100,1,1782743645877,1782743650980,5103,45,2646,407,657,497.067,WM100,2
1782743651656,q2-1h-result-WM100,1,1782743646453,1782743651656,5203,62,3825,488,730,583.855,WM100,2
1782743653457,q2-1h-result-WM100,0,1782743648454,1782743653457,5003,91,4002,474,690,587.187,WM100,2
1782743654357,q1-1h-result-WM100,0,1782743649179,1782743654357,5178,46,3016,398,896,540.500,WM100,2
1782743655985,q1-1h-result-WM100,1,1782743650980,1782743655985,5005,45,2691,404,595,504.444,WM100,2
1782743656066,q2-6h-result-WM100,0,1782743649261,1782743656066,6805,40,1071,481,1071,673.950,WM100,2
1782743656659,q2-1h-result-WM100,1,1782743651656,1782743656659,5003,71,3896,455,693,583.817,WM100,2
1782743658194,q3-1day-result-WM100,0,1782743649187,1782743658194,9007,74,2584,458,4899,2220.068,WM100,2
1782743658194,q3-1day-result-WM100,1,1782743649187,1782743658194,9007,88,3106,459,4870,2473.818,WM100,2
1782743658194,q3-7day-result-WM100,0,1782743626867,1782743658194,31327,38,373,500,4813,2260.474,WM100,2
1782743658194,q3-7day-result-WM100,1,1782743626867,1782743658194,31327,45,451,500,4842,2502.756,WM100,2
1782743658269,q2-6h-result-WM100,1,1782743648261,1782743658269,10008,10,1031,647,693,663.400,WM100,2
1782743659387,q1-1h-result-WM100,0,1782743654357,1782743659387,5030,46,3062,361,1009,495.413,WM100,2
1782743659661,q2-1h-result-WM100,0,1782743653457,1782743659661,6204,60,4062,481,680,553.250,WM100,2
1782743660988,q1-1h-result-WM100,1,1782743655985,1782743660988,5003,45,2736,361,557,451.489,WM100,2
1782743661471,q2-6h-result-WM100,0,1782743656066,1782743661471,5405,30,1101,467,639,566.100,WM100,2
1782743662263,q2-1h-result-WM100,1,1782743656659,1782743662263,5604,84,3980,414,628,518.143,WM100,2
1782743664390,q1-1h-result-WM100,0,1782743659387,1782743664390,5003,48,3110,329,882,455.250,WM100,2
1782743664873,q2-6h-result-WM100,1,1782743658269,1782743664873,6604,10,1041,483,1035,745.000,WM100,2
1782743665665,q2-1h-result-WM100,0,1782743659661,1782743665665,6004,91,4153,404,626,500.780,WM100,2
1782743665991,q1-1h-result-WM100,1,1782743660988,1782743665991,5003,45,2781,329,653,430.733,WM100,2
1782743667000,q3-1day-result-WM100,0,1782743658194,1782743667000,8806,74,2658,453,4846,2177.784,WM100,2
1782743667000,q3-1day-result-WM100,1,1782743658194,1782743667000,8806,88,3194,453,4801,2433.693,WM100,2
1782743667174,q2-6h-result-WM100,0,1782743661471,1782743667174,5703,30,1131,439,952,579.500,WM100,2
1782743668567,q2-1h-result-WM100,1,1782743662263,1782743668567,6304,71,4051,420,661,498.704,WM100,2
1782743669493,q1-1h-result-WM100,0,1782743664390,1782743669493,5103,48,3158,323,866,468.333,WM100,2
1782743670577,q2-6h-result-WM100,1,1782743664873,1782743670577,5704,10,1051,480,608,505.200,WM100,2
1782743670768,q2-1h-result-WM100,0,1782743665665,1782743670768,5103,93,4246,483,690,554.624,WM100,2
1782743671094,q1-1h-result-WM100,1,1782743665991,1782743671094,5103,45,2826,323,602,479.111,WM100,2
1782743673670,q2-1h-result-WM100,1,1782743668567,1782743673670,5103,69,4120,519,700,610.377,WM100,2
1782743673979,q2-6h-result-WM100,0,1782743667174,1782743673979,6805,20,1151,505,997,599.750,WM100,2
1782743674496,q1-1h-result-WM100,0,1782743669493,1782743674496,5003,48,3206,380,799,526.792,WM100,2
1782743675771,q2-1h-result-WM100,0,1782743670768,1782743675771,5003,82,4328,470,736,588.878,WM100,2
1782743676097,q1-1h-result-WM100,1,1782743671094,1782743676097,5003,45,2871,380,617,506.067,WM100,2
1782743676105,q3-1day-result-WM100,0,1782743667000,1782743676105,9105,74,2732,385,4909,2194.473,WM100,2
1782743676105,q3-1day-result-WM100,1,1782743667000,1782743676105,9105,88,3282,385,4911,2450.045,WM100,2
1782743679382,q2-6h-result-WM100,0,1782743673979,1782743679382,5403,30,1181,470,1058,649.433,WM100,2
1782743679499,q1-1h-result-WM100,0,1782743674496,1782743679499,5003,48,3254,346,794,470.792,WM100,2
1782743679774,q2-1h-result-WM100,1,1782743673670,1782743679774,6104,86,4206,454,626,530.105,WM100,2
1782743681700,q1-1h-result-WM100,1,1782743676097,1782743681700,5603,42,2913,346,542,443.119,WM100,2
1782743681975,q2-1h-result-WM100,0,1782743675771,1782743681975,6204,78,4406,421,649,530.487,WM100,2
1782743683985,q2-6h-result-WM100,1,1782743670577,1782743683985,13408,30,1081,528,1094,678.500,WM100,2
1782743684502,q1-1h-result-WM100,0,1782743679499,1782743684502,5003,48,3302,323,837,440.750,WM100,2
1782743684777,q2-1h-result-WM100,1,1782743679774,1782743684777,5003,71,4277,420,623,513.704,WM100,2
1782743684911,q3-1day-result-WM100,0,1782743676105,1782743684911,8806,74,2806,456,4810,2191.446,WM100,2
1782743684911,q3-1day-result-WM100,1,1782743676105,1782743684911,8806,88,3370,456,4830,2448.080,WM100,2
1782743686703,q1-1h-result-WM100,1,1782743681700,1782743686703,5003,45,2958,330,526,421.267,WM100,2
1782743687079,q2-1h-result-WM100,0,1782743681975,1782743687079,5104,81,4487,398,685,488.358,WM100,2
1782743688488,q2-6h-result-WM100,0,1782743679382,1782743688488,9106,30,1211,445,953,542.667,WM100,2
1782743689605,q1-1h-result-WM100,0,1782743684502,1782743689605,5103,46,3348,304,838,480.696,WM100,2
1782743689614,q3-7day-result-WM100,0,1782743658194,1782743689614,31420,38,411,519,18012,2634.053,WM100,2
1782743689614,q3-7day-result-WM100,1,1782743658194,1782743689614,31420,45,496,519,22533,2918.067,WM100,2
1782743689689,q2-6h-result-WM100,1,1782743683985,1782743689689,5704,30,1111,408,981,583.333,WM100,2
1782743691081,q2-1h-result-WM100,1,1782743684777,1782743691081,6304,74,4351,443,705,586.649,WM100,2
1782743691806,q1-1h-result-WM100,1,1782743686703,1782743691806,5103,45,3003,304,619,502.267,WM100,2
1782743692082,q2-1h-result-WM100,0,1782743687079,1782743692082,5003,89,4576,449,722,601.258,WM100,2
1782743694016,q3-1day-result-WM100,0,1782743684911,1782743694016,9105,74,2880,383,4950,2196.851,WM100,2
1782743694016,q3-1day-result-WM100,1,1782743684911,1782743694016,9105,88,3458,383,4933,2451.955,WM100,2
1782743695008,q1-1h-result-WM100,0,1782743689605,1782743695008,5403,48,3396,373,814,515.188,WM100,2
1782743696085,q2-1h-result-WM100,1,1782743691081,1782743696085,5004,91,4442,490,670,558.824,WM100,2
1782743696293,q2-6h-result-WM100,1,1782743689689,1782743696293,6604,40,1151,539,1063,702.400,WM100,2
1782743696809,q1-1h-result-WM100,1,1782743691806,1782743696809,5003,45,3048,374,557,473.422,WM100,2
1782743697085,q2-1h-result-WM100,0,1782743692082,1782743697085,5003,67,4643,435,669,546.537,WM100,2
1782743697294,q2-6h-result-WM100,0,1782743688488,1782743697294,8806,10,1221,476,657,614.500,WM100,2
1782743700011,q1-1h-result-WM100,0,1782743695008,1782743700011,5003,48,3444,348,944,468.333,WM100,2
1782743701088,q2-1h-result-WM100,1,1782743696085,1782743701088,5003,71,4513,458,638,532.535,WM100,2
1782743701812,q1-1h-result-WM100,1,1782743696809,1782743701812,5003,47,3095,327,550,436.468,WM100,2
1782743701898,q2-6h-result-WM100,1,1782743696293,1782743701898,5605,30,1181,522,919,619.033,WM100,2
1782743702089,q2-1h-result-WM100,0,1782743697085,1782743702089,5004,85,4728,423,611,509.506,WM100,2
1782743702822,q3-1day-result-WM100,0,1782743694016,1782743702822,8806,74,2954,490,4825,2211.054,WM100,2
1782743702822,q3-1day-result-WM100,1,1782743694016,1782743702822,8806,88,3546,490,4826,2465.205,WM100,2
1782743705014,q1-1h-result-WM100,0,1782743700011,1782743705014,5003,48,3492,327,812,442.458,WM100,2
1782743706292,q2-1h-result-WM100,1,1782743701088,1782743706292,5204,66,4579,407,651,513.727,WM100,2
1782743706815,q1-1h-result-WM100,1,1782743701812,1782743706815,5003,43,3138,330,526,428.186,WM100,2
1782743707501,q2-6h-result-WM100,1,1782743701898,1782743707501,5603,40,1221,448,852,581.100,WM100,2
1782743708993,q2-1h-result-WM100,0,1782743702089,1782743708993,6904,87,4815,423,722,554.862,WM100,2
1782743709803,q2-6h-result-WM100,0,1782743697294,1782743709803,12509,10,1231,476,686,507.600,WM100,2
1782743710117,q1-1h-result-WM100,0,1782743705014,1782743710117,5103,48,3540,322,837,496.375,WM100,2
1782743711395,q2-1h-result-WM100,1,1782743706292,1782743711395,5103,98,4677,490,688,581.745,WM100,2
1782743711918,q1-1h-result-WM100,1,1782743706815,1782743711918,5103,45,3183,326,660,510.400,WM100,2
1782743711927,q3-1day-result-WM100,0,1782743702822,1782743711927,9105,74,3028,423,4897,2184.770,WM100,2
1782743711927,q3-1day-result-WM100,1,1782743702822,1782743711927,9105,88,3634,423,4867,2439.250,WM100,2
1782743713997,q2-1h-result-WM100,0,1782743708993,1782743713997,5004,48,4863,538,692,603.833,WM100,2
1782743715120,q1-1h-result-WM100,0,1782743710117,1782743715120,5003,48,3588,382,839,512.563,WM100,2
1782743715207,q2-6h-result-WM100,0,1782743709803,1782743715207,5404,40,1271,512,1043,691.425,WM100,2
1782743716408,q2-6h-result-WM100,1,1782743707501,1782743716408,8907,10,1231,634,1067,762.000,WM100,2
1782743717322,q1-1h-result-WM100,1,1782743711918,1782743717322,5404,42,3225,351,590,480.500,WM100,2
1782743718000,q2-1h-result-WM100,1,1782743711395,1782743718000,6605,69,4746,488,694,589.681,WM100,2
1782743719000,q2-1h-result-WM100,0,1782743713997,1782743719000,5003,96,4959,442,685,538.854,WM100,2
1782743720123,q1-1h-result-WM100,0,1782743715120,1782743720123,5003,48,3636,342,687,449.896,WM100,2
1782743720733,q3-1day-result-WM100,0,1782743711927,1782743720733,8806,74,3102,508,4850,2242.554,WM100,2
1782743720733,q3-1day-result-WM100,1,1782743711927,1782743720733,8806,88,3722,508,4868,2497.625,WM100,2
1782743720733,q3-7day-result-WM100,0,1782743689614,1782743720733,31119,37,448,615,4950,2305.514,WM100,2
1782743720733,q3-7day-result-WM100,1,1782743689614,1782743720733,31119,44,540,615,4935,2561.432,WM100,2
1782743722325,q1-1h-result-WM100,1,1782743717322,1782743722325,5003,43,3268,342,538,439.395,WM100,2
1782743723003,q2-1h-result-WM100,1,1782743718000,1782743723003,5003,69,4815,424,638,538.420,WM100,2
1782743723012,q2-6h-result-WM100,1,1782743716408,1782743723012,6604,30,1261,486,1014,650.400,WM100,2
1782743724004,q2-1h-result-WM100,0,1782743719000,1782743724004,5004,99,5058,409,684,501.394,WM100,2
1782743725326,q1-1h-result-WM100,0,1782743720123,1782743725326,5203,48,3684,324,619,433.708,WM100,2
1782743725413,q2-6h-result-WM100,0,1782743715207,1782743725413,10206,20,1291,441,652,495.650,WM100,2
1782743727427,q1-1h-result-WM100,1,1782743722325,1782743727427,5102,45,3313,324,609,433.533,WM100,2
1782743728106,q2-1h-result-WM100,1,1782743723003,1782743728106,5103,66,4881,435,646,529.439,WM100,2
1782743728715,q2-6h-result-WM100,1,1782743723012,1782743728715,5703,30,1291,405,605,499.933,WM100,2
1782743729839,q3-1day-result-WM100,0,1782743720733,1782743729839,9106,74,3176,440,4896,2201.635,WM100,2
1782743729839,q3-1day-result-WM100,1,1782743720733,1782743729839,9106,88,3810,440,4924,2455.625,WM100,2
1782743730830,q1-1h-result-WM100,0,1782743725326,1782743730830,5504,48,3732,383,870,518.271,WM100,2
1782743731108,q2-1h-result-WM100,0,1782743724004,1782743731108,7104,91,5149,402,683,539.802,WM100,2
1782743732431,q1-1h-result-WM100,1,1782743727427,1782743732431,5004,47,3360,378,610,502.213,WM100,2
1782743733120,q2-6h-result-WM100,0,1782743725413,1782743733120,7707,10,1301,543,1035,836.500,WM100,2
1782743733310,q2-1h-result-WM100,1,1782743728106,1782743733310,5204,84,4965,457,693,606.298,WM100,2
1782743735321,q2-6h-result-WM100,1,1782743728715,1782743735321,6606,30,1321,540,989,696.267,WM100,2
1782743735833,q1-1h-result-WM100,0,1782743730830,1782743735833,5003,48,3780,378,719,481.500,WM100,2
1782743736112,q2-1h-result-WM100,0,1782743731108,1782743736112,5004,95,5244,479,679,560.211,WM100,2
1782743737433,q1-1h-result-WM100,1,1782743732431,1782743737433,5002,45,3405,345,543,465.867,WM100,2
1782743738513,q2-1h-result-WM100,1,1782743733310,1782743738513,5203,65,5030,452,645,562.477,WM100,2
1782743738644,q3-1day-result-WM100,0,1782743729839,1782743738644,8805,74,3250,539,4882,2264.297,WM100,2
1782743738644,q3-1day-result-WM100,1,1782743729839,1782743738644,8805,88,3898,539,4885,2520.580,WM100,2
1782743740835,q1-1h-result-WM100,0,1782743735833,1782743740835,5002,48,3828,346,603,451.271,WM100,2
1782743740925,q2-6h-result-WM100,0,1782743733120,1782743740925,7805,20,1321,513,979,683.550,WM100,2
1782743741315,q2-1h-result-WM100,0,1782743736112,1782743741315,5203,88,5332,428,650,506.568,WM100,2
1782743742436,q1-1h-result-WM100,1,1782743737433,1782743742436,5003,45,3450,346,543,440.956,WM100,2
1782743743035,q3-global-result-WM100,0,1782743604544,1782743743035,138491,38,76,555,4890,2371.579,WM100,2
1782743743035,q3-global-result-WM100,1,1782743604544,1782743743035,138491,46,93,554,241534,9544.696,WM100,2
1782743743126,q2-6h-result-WM100,1,1782743735321,1782743743126,7805,31,1352,462,954,588.645,WM100,2
1782743743135,q2-global-result-WM100,1,1782743479269,1782743743135,263866,10,11,591,923,741.700,WM100,2
1782743745118,q2-1h-result-WM100,1,1782743738513,1782743745118,6605,43,5073,433,576,497.512,WM100,2
1782743745838,q1-1h-result-WM100,0,1782743740835,1782743745838,5003,48,3876,318,797,438.875,WM100,2
1782743746518,q2-1h-result-WM100,0,1782743741315,1782743746518,5203,115,5447,420,667,541.009,WM100,2
1782743746528,q2-6h-result-WM100,0,1782743740925,1782743746528,5603,30,1351,442,599,504.400,WM100,2
1782743747439,q1-1h-result-WM100,1,1782743742436,1782743747439,5003,43,3493,318,528,421.953,WM100,2
1782743747449,q3-1day-result-WM100,0,1782743738644,1782743747449,8805,74,3324,408,4731,2127.716,WM100,2
1782743747449,q3-1day-result-WM100,1,1782743738644,1782743747449,8805,88,3986,408,4761,2384.432,WM100,2
1782743750221,q2-1h-result-WM100,1,1782743745118,1782743750221,5103,57,5130,414,742,547.579,WM100,2
1782743750941,q1-1h-result-WM100,0,1782743745838,1782743750941,5103,48,3924,312,902,492.958,WM100,2
1782743751622,q2-1h-result-WM100,0,1782743746518,1782743751622,5104,74,5521,526,744,616.959,WM100,2
1782743752154,q3-7day-result-WM100,0,1782743720733,1782743752154,31421,37,485,440,4878,2138.784,WM100,2
1782743752154,q3-7day-result-WM100,1,1782743720733,1782743752154,31421,44,584,440,4857,2390.614,WM100,2
1782743752232,q2-6h-result-WM100,0,1782743746528,1782743752232,5704,40,1391,424,809,622.900,WM100,2
1782743753143,q1-1h-result-WM100,1,1782743747439,1782743753143,5704,44,3537,335,643,503.886,WM100,2
1782743755224,q2-1h-result-WM100,1,1782743750221,1782743755224,5003,77,5207,469,673,567.714,WM100,2
1782743755945,q1-1h-result-WM100,0,1782743750941,1782743755945,5004,48,3972,373,834,498.479,WM100,2
1782743756555,q3-1day-result-WM100,0,1782743747449,1782743756555,9106,74,3398,344,4914,2156.635,WM100,2
1782743756555,q3-1day-result-WM100,1,1782743747449,1782743756555,9106,88,4074,345,4856,2408.920,WM100,2
1782743756634,q2-6h-result-WM100,1,1782743743126,1782743756634,13508,10,1362,487,858,685.500,WM100,2
1782743757826,q2-1h-result-WM100,0,1782743751622,1782743757826,6204,94,5615,453,695,566.777,WM100,2
1782743758146,q1-1h-result-WM100,1,1782743753143,1782743758146,5003,45,3582,357,570,452.933,WM100,2
1782743760228,q2-1h-result-WM100,1,1782743755224,1782743760228,5004,71,5278,419,661,528.338,WM100,2
1782743760949,q1-1h-result-WM100,0,1782743755945,1782743760949,5004,48,4020,341,683,446.063,WM100,2
1782743763029,q2-1h-result-WM100,0,1782743757826,1782743763029,5203,82,5697,405,646,511.963,WM100,2
1782743763151,q1-1h-result-WM100,1,1782743758146,1782743763151,5005,46,3628,326,603,436.435,WM100,2
1782743763238,q2-6h-result-WM100,0,1782743752232,1782743763238,11006,30,1421,495,1006,647.133,WM100,2
1782743765560,q3-1day-result-WM100,0,1782743756555,1782743765560,9005,74,3472,437,4875,2164.432,WM100,2
1782743765560,q3-1day-result-WM100,1,1782743756555,1782743765560,9005,88,4162,437,4846,2419.386,WM100,2
1782743765640,q2-6h-result-WM100,1,1782743756634,1782743765640,9006,40,1402,429,1001,601.200,WM100,2
1782743765954,q1-1h-result-WM100,0,1782743760949,1782743765954,5005,46,4066,321,766,443.761,WM100,2
1782743766832,q2-1h-result-WM100,1,1782743760228,1782743766832,6604,53,5331,424,625,501.849,WM100,2
1782743768155,q1-1h-result-WM100,1,1782743763151,1782743768155,5004,46,3674,306,828,432.891,WM100,2
1782743769133,q2-1h-result-WM100,0,1782743763029,1782743769133,6104,103,5800,399,626,517.495,WM100,2
1782743771054,q1-1h-result-WM100,0,1782743765954,1782743771054,5100,44,4110,306,829,491.227,WM100,2
1782743772035,q2-1h-result-WM100,1,1782743766832,1782743772035,5203,92,5423,384,709,559.065,WM100,2
1782743772244,q2-6h-result-WM100,1,1782743765640,1782743772244,6604,40,1442,395,1023,642.200,WM100,2
1782743773258,q1-1h-result-WM100,1,1782743768155,1782743773258,5103,46,3720,357,768,496.457,WM100,2
1782743774137,q2-1h-result-WM100,0,1782743769133,1782743774137,5004,85,5885,464,667,567.600,WM100,2
1782743774466,q3-1day-result-WM100,0,1782743765560,1782743774466,8906,74,3546,498,4872,2226.446,WM100,2
1782743774466,q3-1day-result-WM100,1,1782743765560,1782743774466,8906,90,4252,499,4846,2533.389,WM100,2
1782743776060,q1-1h-result-WM100,0,1782743771054,1782743776060,5006,48,4158,370,740,479.625,WM100,2
1782743777338,q2-1h-result-WM100,1,1782743772035,1782743777338,5303,96,5519,448,675,538.990,WM100,2
1782743777747,q2-6h-result-WM100,0,1782743763238,1782743777747,14509,20,1441,465,605,531.750,WM100,2
1782743778261,q1-1h-result-WM100,1,1782743773258,1782743778261,5003,46,3766,359,799,465.652,WM100,2
1782743778948,q2-6h-result-WM100,1,1782743772244,1782743778948,6704,40,1482,520,932,629.800,WM100,2
1782743780341,q2-1h-result-WM100,0,1782743774137,1782743780341,6204,63,5948,449,671,541.238,WM100,2
1782743781063,q1-1h-result-WM100,0,1782743776060,1782743781063,5003,48,4206,338,723,444.875,WM100,2
1782743782342,q2-1h-result-WM100,1,1782743777338,1782743782342,5004,72,5591,433,646,525.250,WM100,2
1782743783264,q1-1h-result-WM100,1,1782743778261,1782743783264,5003,46,3812,320,662,427.043,WM100,2
1782743783271,q3-1day-result-WM100,0,1782743774466,1782743783271,8805,74,3620,465,4838,2190.311,WM100,2
1782743783271,q3-1day-result-WM100,1,1782743774466,1782743783271,8805,90,4342,465,4809,2497.611,WM100,2
1782743783274,q3-7day-result-WM100,0,1782743752154,1782743783274,31120,37,522,574,4916,2267.703,WM100,2
1782743783274,q3-7day-result-WM100,1,1782743752154,1782743783274,31120,44,628,574,4859,2523.295,WM100,2
1782743783350,q2-6h-result-WM100,0,1782743777747,1782743783350,5603,20,1461,457,640,506.600,WM100,2
1782743785544,q2-1h-result-WM100,0,1782743780341,1782743785544,5203,74,6022,398,622,501.162,WM100,2
1782743786067,q1-1h-result-WM100,0,1782743781063,1782743786067,5004,48,4254,303,854,424.146,WM100,2
1782743787345,q2-1h-result-WM100,1,1782743782342,1782743787345,5003,71,5662,399,639,515.592,WM100,2
1782743788268,q1-1h-result-WM100,1,1782743783264,1782743788268,5004,43,3855,305,793,449.326,WM100,2
1782743790155,q2-6h-result-WM100,0,1782743783350,1782743790155,6805,40,1501,433,954,618.425,WM100,2
1782743790847,q2-1h-result-WM100,0,1782743785544,1782743790847,5303,101,6123,415,688,553.446,WM100,2
1782743791170,q1-1h-result-WM100,0,1782743786067,1782743791170,5103,48,4302,377,695,474.271,WM100,2
1782743791256,q2-6h-result-WM100,1,1782743778948,1782743791256,12308,20,1502,545,996,676.200,WM100,2
1782743792377,q3-1day-result-WM100,0,1782743783271,1782743792377,9106,74,3694,396,4873,2159.459,WM100,2
1782743792377,q3-1day-result-WM100,1,1782743783271,1782743792377,9106,90,4432,396,4834,2464.178,WM100,2
1782743793371,q1-1h-result-WM100,1,1782743788268,1782743793371,5103,41,3896,337,924,493.976,WM100,2
1782743794250,q2-1h-result-WM100,1,1782743787345,1782743794250,6905,72,5734,489,741,588.292,WM100,2
1782743795659,q2-6h-result-WM100,0,1782743790155,1782743795659,5504,10,1511,505,618,574.400,WM100,2
1782743795851,q2-1h-result-WM100,0,1782743790847,1782743795851,5004,73,6196,437,669,526.932,WM100,2
1782743796173,q1-1h-result-WM100,0,1782743791170,1782743796173,5003,48,4350,357,927,497.208,WM100,2
1782743796859,q2-6h-result-WM100,1,1782743791256,1782743796859,5603,30,1532,546,941,672.267,WM100,2
1782743798374,q1-1h-result-WM100,1,1782743793371,1782743798374,5003,46,3942,349,752,457.652,WM100,2
1782743800253,q2-1h-result-WM100,1,1782743794250,1782743800253,6003,97,5831,427,663,540.577,WM100,2
1782743800854,q2-1h-result-WM100,0,1782743795851,1782743800854,5003,79,6275,420,668,534.734,WM100,2
1782743801376,q1-1h-result-WM100,0,1782743796173,1782743801376,5203,48,4398,342,669,452.896,WM100,2
1782743801382,q3-1day-result-WM100,0,1782743792377,1782743801382,9005,74,3768,486,4921,2213.595,WM100,2
1782743801382,q3-1day-result-WM100,1,1782743792377,1782743801382,9005,90,4522,486,4897,2520.533,WM100,2
1782743801462,q2-6h-result-WM100,0,1782743795659,1782743801462,5803,20,1531,479,791,529.800,WM100,2
1782743803377,q1-1h-result-WM100,1,1782743798374,1782743803377,5003,46,3988,329,887,456.217,WM100,2
1782743804664,q2-6h-result-WM100,1,1782743796859,1782743804664,7805,20,1552,547,957,701.700,WM100,2
1782743805256,q2-1h-result-WM100,1,1782743800253,1782743805256,5003,75,5906,429,658,541.947,WM100,2
1782743806779,q1-1h-result-WM100,0,1782743801376,1782743806779,5403,48,4446,306,811,464.979,WM100,2
1782743807058,q2-1h-result-WM100,0,1782743800854,1782743807058,6204,71,6346,407,689,518.606,WM100,2
1782743808066,q2-6h-result-WM100,0,1782743801462,1782743808066,6604,20,1551,448,1010,673.850,WM100,2
1782743808380,q1-1h-result-WM100,1,1782743803377,1782743808380,5003,46,4034,294,748,422.783,WM100,2
1782743810187,q3-1day-result-WM100,0,1782743801382,1782743810187,8805,74,3842,553,4878,2278.000,WM100,2
1782743810187,q3-1day-result-WM100,1,1782743801382,1782743810187,8805,90,4612,553,4962,2586.656,WM100,2
1782743811561,q2-1h-result-WM100,1,1782743805256,1782743811561,6305,96,6002,405,693,559.833,WM100,2
1782743811882,q1-1h-result-WM100,0,1782743806779,1782743811882,5103,48,4494,294,840,462.500,WM100,2
1782743812561,q2-1h-result-WM100,0,1782743807058,1782743812561,5503,46,6392,389,661,563.348,WM100,2
1782743813483,q1-1h-result-WM100,1,1782743808380,1782743813483,5103,46,4080,342,779,482.152,WM100,2
1782743813570,q2-6h-result-WM100,0,1782743808066,1782743813570,5504,40,1591,477,940,631.725,WM100,2
1782743814694,q3-7day-result-WM100,0,1782743783274,1782743814694,31420,37,559,399,4853,2102.000,WM100,2
1782743814694,q3-7day-result-WM100,1,1782743783274,1782743814694,31420,45,673,399,4798,2403.067,WM100,2
1782743816885,q1-1h-result-WM100,0,1782743811882,1782743816885,5003,48,4542,363,898,477.729,WM100,2
1782743816964,q2-1h-result-WM100,1,1782743811561,1782743816964,5403,67,6069,485,616,559.507,WM100,2
1782743816972,q2-6h-result-WM100,1,1782743804664,1782743816972,12308,20,1572,544,1037,703.550,WM100,2
1782743817565,q2-1h-result-WM100,0,1782743812561,1782743817565,5004,105,6497,365,657,532.314,WM100,2
1782743818487,q1-1h-result-WM100,1,1782743813483,1782743818487,5004,46,4126,355,931,465.283,WM100,2
1782743819093,q3-1day-result-WM100,0,1782743810187,1782743819093,8906,74,3916,484,4849,2196.068,WM100,2
1782743819093,q3-1day-result-WM100,1,1782743810187,1782743819093,8906,90,4702,484,4892,2500.600,WM100,2
1782743819174,q2-6h-result-WM100,0,1782743813570,1782743819174,5604,30,1621,442,971,592.167,WM100,2
1782743821889,q1-1h-result-WM100,0,1782743816885,1782743821889,5004,48,4590,344,625,450.208,WM100,2
1782743821967,q2-1h-result-WM100,1,1782743816964,1782743821967,5003,87,6156,450,666,537.713,WM100,2
1782743822568,q2-1h-result-WM100,0,1782743817565,1782743822568,5003,76,6573,423,623,510.316,WM100,2
1782743823490,q1-1h-result-WM100,1,1782743818487,1782743823490,5003,46,4172,322,692,436.543,WM100,2
1782743823577,q2-6h-result-WM100,1,1782743816972,1782743823577,6605,20,1592,465,607,534.050,WM100,2
1782743826892,q1-1h-result-WM100,0,1782743821889,1782743826892,5003,48,4638,315,744,424.750,WM100,2
1782743826971,q2-1h-result-WM100,1,1782743821967,1782743826971,5004,82,6238,396,643,513.622,WM100,2
1782743827971,q2-1h-result-WM100,0,1782743822568,1782743827971,5403,57,6630,441,648,539.368,WM100,2
1782743828098,q3-1day-result-WM100,0,1782743819093,1782743828098,9005,74,3990,383,4805,2109.581,WM100,2
1782743828098,q3-1day-result-WM100,1,1782743819093,1782743828098,9005,90,4792,383,4793,2416.733,WM100,2
1782743828179,q2-6h-result-WM100,0,1782743819174,1782743828179,9005,20,1641,532,888,634.800,WM100,2
1782743829094,q1-1h-result-WM100,1,1782743823490,1782743829094,5604,43,4215,318,753,441.047,WM100,2
1782743830381,q2-6h-result-WM100,1,1782743823577,1782743830381,6804,30,1622,404,758,516.967,WM100,2
1782743831995,q1-1h-result-WM100,0,1782743826892,1782743831995,5103,48,4686,361,779,468.146,WM100,2
1782743832074,q2-1h-result-WM100,1,1782743826971,1782743832074,5103,94,6332,470,686,566.819,WM100,2
1782743833875,q2-1h-result-WM100,0,1782743827971,1782743833875,5904,55,6685,466,728,542.273,WM100,2
1782743834133,q1-1h-result-WM100,1,1782743829094,1782743834133,5039,46,4261,322,816,463.804,WM100,2
1782743834884,q2-6h-result-WM100,0,1782743828179,1782743834884,6705,20,1661,585,991,785.050,WM100,2
1782743837198,q1-1h-result-WM100,0,1782743831995,1782743837198,5203,48,4734,359,697,474.208,WM100,2
1782743837203,q3-1day-result-WM100,0,1782743828098,1782743837203,9105,74,4064,503,4984,2215.743,WM100,2
1782743837203,q3-1day-result-WM100,1,1782743828098,1782743837203,9105,89,4881,503,4943,2494.382,WM100,2
1782743838678,q2-1h-result-WM100,1,1782743832074,1782743838678,6604,78,6410,450,669,558.744,WM100,2
1782743838878,q2-1h-result-WM100,0,1782743833875,1782743838878,5003,81,6766,454,738,567.123,WM100,2
1782743839175,q1-1h-result-WM100,1,1782743834133,1782743839175,5042,46,4307,329,723,463.630,WM100,2
1782743840487,q2-6h-result-WM100,0,1782743834884,1782743840487,5603,40,1701,463,1175,638.225,WM100,2
1782743841688,q2-6h-result-WM100,1,1782743830381,1782743841688,11307,20,1642,527,824,561.900,WM100,2
1782743842605,q1-1h-result-WM100,0,1782743837198,1782743842605,5407,48,4782,344,864,480.375,WM100,2
1782743843681,q2-1h-result-WM100,1,1782743838678,1782743843681,5003,62,6472,419,637,511.919,WM100,2
1782743843882,q2-1h-result-WM100,0,1782743838878,1782743843882,5004,81,6847,403,674,537.099,WM100,2
1782743844206,q1-1h-result-WM100,1,1782743839175,1782743844206,5031,46,4353,334,886,449.478,WM100,2
1782743845808,q3-1day-result-WM100,0,1782743837203,1782743845808,8605,74,4138,397,4904,2225.068,WM100,2
1782743845808,q3-1day-result-WM100,1,1782743837203,1782743845808,8605,90,4971,397,5024,2529.567,WM100,2
1782743845813,q3-7day-result-WM100,0,1782743814694,1782743845813,31119,37,596,518,4811,2210.351,WM100,2
1782743845813,q3-7day-result-WM100,1,1782743814694,1782743845813,31119,45,718,518,4896,2517.178,WM100,2
1782743847608,q1-1h-result-WM100,0,1782743842605,1782743847608,5003,48,4830,327,742,448.750,WM100,2
1782743848292,q2-6h-result-WM100,0,1782743840487,1782743848292,7805,10,1711,572,654,616.800,WM100,2
1782743848685,q2-1h-result-WM100,1,1782743843681,1782743848685,5004,76,6548,400,661,522.961,WM100,2
1782743848885,q2-1h-result-WM100,0,1782743843882,1782743848885,5003,67,6914,384,648,526.761,WM100,2
1782743849210,q1-1h-result-WM100,1,1782743844206,1782743849210,5004,46,4399,307,717,437.261,WM100,2
1782743849293,q2-6h-result-WM100,1,1782743841688,1782743849293,7605,40,1682,439,1040,669.000,WM100,2
1782743852709,q1-1h-result-WM100,0,1782743847608,1782743852709,5101,48,4878,307,702,448.813,WM100,2
1782743853788,q2-1h-result-WM100,1,1782743848685,1782743853788,5103,83,6631,400,705,544.590,WM100,2
1782743854313,q1-1h-result-WM100,1,1782743849210,1782743854313,5103,46,4445,344,757,464.152,WM100,2
1782743854789,q2-1h-result-WM100,0,1782743848885,1782743854789,5904,76,6990,416,646,515.039,WM100,2
1782743854916,q3-1day-result-WM100,0,1782743845808,1782743854916,9108,74,4212,328,4818,2095.122,WM100,2
1782743854916,q3-1day-result-WM100,1,1782743845808,1782743854916,9108,90,5061,328,4790,2398.411,WM100,2
1782743854997,q2-6h-result-WM100,0,1782743848292,1782743854997,6705,20,1731,546,903,663.500,WM100,2
1782743857712,q1-1h-result-WM100,0,1782743852709,1782743857712,5003,48,4926,375,714,471.396,WM100,2
1782743859191,q2-1h-result-WM100,1,1782743853788,1782743859191,5403,86,6717,433,638,519.570,WM100,2
1782743859514,q1-1h-result-WM100,1,1782743854313,1782743859514,5201,46,4491,358,689,466.543,WM100,2
1782743859600,q2-6h-result-WM100,1,1782743849293,1782743859600,10307,30,1712,456,709,544.133,WM100,2
1782743860793,q2-1h-result-WM100,0,1782743854789,1782743860793,6004,65,7055,458,660,546.846,WM100,2
1782743861602,q2-6h-result-WM100,0,1782743854997,1782743861602,6605,30,1761,456,872,640.500,WM100,2
1782743862716,q1-1h-result-WM100,0,1782743857712,1782743862716,5004,48,4974,339,687,462.583,WM100,2
1782743863923,q3-1day-result-WM100,0,1782743854916,1782743863923,9007,74,4286,498,4977,2259.486,WM100,2
1782743863923,q3-1day-result-WM100,1,1782743854916,1782743863923,9007,90,5151,499,4961,2565.044,WM100,2
1782743864918,q1-1h-result-WM100,1,1782743859514,1782743864918,5404,44,4535,329,769,460.955,WM100,2
1782743865195,q2-1h-result-WM100,1,1782743859191,1782743865195,6004,74,6791,418,672,536.365,WM100,2
1782743866196,q2-1h-result-WM100,0,1782743860793,1782743866196,5403,66,7121,417,674,535.439,WM100,2
1782743867205,q2-6h-result-WM100,1,1782743859600,1782743867205,7605,30,1742,479,1104,760.000,WM100,2
1782743867719,q1-1h-result-WM100,0,1782743862716,1782743867719,5003,48,5022,313,688,431.979,WM100,2
1782743869922,q1-1h-result-WM100,1,1782743864918,1782743869922,5004,46,4581,314,690,430.065,WM100,2
1782743870199,q2-1h-result-WM100,1,1782743865195,1782743870199,5004,88,6879,389,614,499.841,WM100,2
1782743870607,q2-6h-result-WM100,0,1782743861602,1782743870607,9005,20,1781,456,675,549.600,WM100,2
1782743872300,q2-1h-result-WM100,0,1782743866196,1782743872300,6104,99,7220,422,706,527.667,WM100,2
1782743872824,q1-1h-result-WM100,0,1782743867719,1782743872824,5105,48,5070,346,719,467.125,WM100,2
1782743872828,q3-1day-result-WM100,0,1782743863923,1782743872828,8905,74,4360,487,4847,2214.365,WM100,2
1782743872828,q3-1day-result-WM100,1,1782743863923,1782743872828,8905,90,5241,487,4896,2520.856,WM100,2
1782743872908,q2-6h-result-WM100,1,1782743867205,1782743872908,5703,30,1772,479,944,597.367,WM100,2
1782743875026,q1-1h-result-WM100,1,1782743869922,1782743875026,5104,46,4627,378,981,475.043,WM100,2
1782743875502,q2-1h-result-WM100,1,1782743870199,1782743875502,5303,75,6954,458,672,528.467,WM100,2
1782743876111,q2-6h-result-WM100,0,1782743870607,1782743876111,5504,10,1791,476,579,534.100,WM100,2
