timestamp_ms,label,source_subtask_index,window_start_ms,window_end_ms,window_duration_ms,window_events,total_events,instant_throughput_events_per_second,average_throughput_events_per_second,watermark_strategy,parallelism
1782743342071,q1-1h-result-WM100,0,1782743336959,1782743342071,5112,13,13,2.543,2.543,WM100,2
1782743342071,q1-1h-result-WM100,1,1782743336965,1782743342071,5106,9,9,1.763,1.763,WM100,2
1782743342154,q2-1h-result-WM100,0,1782743337015,1782743342154,5139,5,5,0.973,0.973,WM100,2
1782743342356,q2-1h-result-WM100,1,1782743336932,1782743342356,5424,1,1,0.184,0.184,WM100,2
1782743342757,q2-6h-result-WM100,0,1782743337000,1782743342757,5757,1,1,0.174,0.174,WM100,2
1782743344894,q3-1day-result-WM100,0,1782743336952,1782743344894,7942,1,1,0.126,0.126,WM100,2
1782743344894,q3-1day-result-WM100,1,1782743336957,1782743344894,7937,1,1,0.126,0.126,WM100,2
1782743344894,q3-7day-result-WM100,1,1782743337012,1782743344894,7882,1,1,0.127,0.127,WM100,2
1782743344895,q3-7day-result-WM100,0,1782743337012,1782743344895,7883,1,1,0.127,0.127,WM100,2
1782743344958,q2-6h-result-WM100,1,1782743337008,1782743344958,7950,1,1,0.126,0.126,WM100,2
1782743347081,q1-1h-result-WM100,0,1782743342071,1782743347081,5010,50,63,9.980,6.224,WM100,2
1782743347081,q1-1h-result-WM100,1,1782743342071,1782743347081,5010,44,53,8.782,5.239,WM100,2
1782743347157,q2-1h-result-WM100,0,1782743342154,1782743347157,5003,61,66,12.193,6.508,WM100,2
1782743347957,q2-1h-result-WM100,1,1782743342356,1782743347957,5601,76,77,13.569,6.984,WM100,2
1782743348359,q2-6h-result-WM100,0,1782743342757,1782743348359,5602,30,31,5.355,2.729,WM100,2
1782743352084,q1-1h-result-WM100,0,1782743347081,1782743352084,5003,50,113,9.994,7.471,WM100,2
1782743352084,q1-1h-result-WM100,1,1782743347081,1782743352084,5003,45,98,8.995,6.482,WM100,2
1782743352360,q2-1h-result-WM100,0,1782743347157,1782743352360,5203,92,158,17.682,10.297,WM100,2
1782743352961,q2-1h-result-WM100,1,1782743347957,1782743352961,5004,61,138,12.190,8.609,WM100,2
1782743353901,q3-1day-result-WM100,0,1782743344894,1782743353901,9007,73,74,8.105,4.366,WM100,2
1782743353901,q3-1day-result-WM100,1,1782743344894,1782743353901,9007,92,93,10.214,5.489,WM100,2
1782743353963,q2-6h-result-WM100,0,1782743348359,1782743353963,5604,30,61,5.353,3.596,WM100,2
1782743357089,q1-1h-result-WM100,1,1782743352084,1782743357089,5005,45,143,8.991,7.106,WM100,2
1782743357090,q1-1h-result-WM100,0,1782743352084,1782743357090,5006,50,163,9.988,8.097,WM100,2
1782743357563,q2-1h-result-WM100,0,1782743352360,1782743357563,5203,108,266,20.757,12.945,WM100,2
1782743357964,q2-1h-result-WM100,1,1782743352961,1782743357964,5003,44,182,8.795,8.653,WM100,2
1782743360667,q2-6h-result-WM100,0,1782743353963,1782743360667,6704,40,101,5.967,4.268,WM100,2
1782743361668,q2-6h-result-WM100,1,1782743344958,1782743361668,16710,20,21,1.197,0.852,WM100,2
1782743362192,q1-1h-result-WM100,1,1782743357089,1782743362192,5103,45,188,8.818,7.452,WM100,2
1782743362193,q1-1h-result-WM100,0,1782743357090,1782743362193,5103,50,213,9.798,8.441,WM100,2
1782743362792,q3-1day-result-WM100,0,1782743353901,1782743362792,8891,74,148,8.323,5.728,WM100,2
1782743362792,q3-1day-result-WM100,1,1782743353901,1782743362792,8891,92,185,10.348,7.161,WM100,2
1782743364268,q2-1h-result-WM100,1,1782743357964,1782743364268,6304,56,238,8.883,8.706,WM100,2
1782743364869,q2-1h-result-WM100,0,1782743357563,1782743364869,7306,74,340,10.129,12.207,WM100,2
1782743367394,q1-1h-result-WM100,0,1782743362193,1782743367394,5201,50,263,9.614,8.641,WM100,2
1782743367394,q1-1h-result-WM100,1,1782743362192,1782743367394,5202,44,232,8.458,7.624,WM100,2
1782743367472,q2-6h-result-WM100,1,1782743361668,1782743367472,5804,30,51,5.169,1.674,WM100,2
1782743369271,q2-1h-result-WM100,1,1782743364268,1782743369271,5003,71,309,14.191,9.555,WM100,2
1782743369673,q2-6h-result-WM100,0,1782743360667,1782743369673,9006,20,121,2.221,3.703,WM100,2
1782743369872,q2-1h-result-WM100,0,1782743364869,1782743369872,5003,71,411,14.191,12.509,WM100,2
1782743371812,q3-1day-result-WM100,0,1782743362792,1782743371812,9020,73,221,8.093,6.340,WM100,2
1782743371812,q3-1day-result-WM100,1,1782743362792,1782743371812,9020,92,277,10.200,7.947,WM100,2
1782743372398,q1-1h-result-WM100,0,1782743367394,1782743372398,5004,47,310,9.392,8.747,WM100,2
1782743372798,q1-1h-result-WM100,1,1782743367394,1782743372798,5404,39,271,7.217,7.563,WM100,2
1782743374675,q2-1h-result-WM100,1,1782743369271,1782743374675,5404,42,351,7.772,9.300,WM100,2
1782743375075,q2-1h-result-WM100,0,1782743369872,1782743375075,5203,74,485,14.223,12.743,WM100,2
1782743375077,q2-6h-result-WM100,0,1782743369673,1782743375077,5404,30,151,5.551,3.966,WM100,2
1782743376215,q3-7day-result-WM100,0,1782743344895,1782743376215,31320,36,37,1.149,0.944,WM100,2
1782743376215,q3-7day-result-WM100,1,1782743344894,1782743376215,31321,46,47,1.469,1.199,WM100,2
1782743377401,q1-1h-result-WM100,0,1782743372398,1782743377401,5003,46,356,9.194,8.803,WM100,2
1782743377803,q1-1h-result-WM100,1,1782743372798,1782743377803,5005,43,314,8.591,7.689,WM100,2
1782743378479,q2-6h-result-WM100,1,1782743367472,1782743378479,11007,20,71,1.817,1.712,WM100,2
1782743379678,q2-1h-result-WM100,1,1782743374675,1782743379678,5003,58,409,11.593,9.568,WM100,2
1782743380378,q2-1h-result-WM100,0,1782743375075,1782743380378,5303,54,539,10.183,12.430,WM100,2
1782743380617,q3-1day-result-WM100,0,1782743371812,1782743380617,8805,72,293,8.177,6.710,WM100,2
1782743380617,q3-1day-result-WM100,1,1782743371812,1782743380617,8805,88,365,9.994,8.360,WM100,2
1782743380781,q2-6h-result-WM100,0,1782743375077,1782743380781,5704,20,171,3.506,3.906,WM100,2
1782743382504,q1-1h-result-WM100,0,1782743377401,1782743382504,5103,49,405,9.602,8.892,WM100,2
1782743382906,q1-1h-result-WM100,1,1782743377803,1782743382906,5103,44,358,8.622,7.793,WM100,2
1782743384981,q2-1h-result-WM100,1,1782743379678,1782743384981,5303,62,471,11.691,9.802,WM100,2
1782743385183,q2-6h-result-WM100,1,1782743378479,1782743385183,6704,30,101,4.475,2.097,WM100,2
1782743386783,q2-1h-result-WM100,0,1782743380378,1782743386783,6405,43,582,6.714,11.694,WM100,2
1782743387507,q1-1h-result-WM100,0,1782743382504,1782743387507,5003,49,454,9.794,8.982,WM100,2
1782743387585,q2-6h-result-WM100,0,1782743380781,1782743387585,6804,20,191,2.939,3.776,WM100,2
1782743387909,q1-1h-result-WM100,1,1782743382906,1782743387909,5003,43,401,8.595,7.871,WM100,2
1782743389723,q3-1day-result-WM100,0,1782743380617,1782743389723,9106,72,365,7.907,6.917,WM100,2
1782743389723,q3-1day-result-WM100,1,1782743380617,1782743389723,9106,89,454,9.774,8.604,WM100,2
1782743391186,q2-1h-result-WM100,1,1782743384981,1782743391186,6205,52,523,8.380,9.640,WM100,2
1782743391986,q2-1h-result-WM100,0,1782743386783,1782743391986,5203,47,629,9.033,11.442,WM100,2
1782743392510,q1-1h-result-WM100,0,1782743387507,1782743392510,5003,49,503,9.794,9.055,WM100,2
1782743392912,q1-1h-result-WM100,1,1782743387909,1782743392912,5003,43,444,8.595,7.936,WM100,2
1782743392988,q2-6h-result-WM100,0,1782743387585,1782743392988,5403,20,211,3.702,3.769,WM100,2
1782743394189,q2-6h-result-WM100,1,1782743385183,1782743394189,9006,30,131,3.331,2.291,WM100,2
1782743396189,q2-1h-result-WM100,1,1782743391186,1782743396189,5003,70,593,13.992,10.007,WM100,2
1782743397190,q2-1h-result-WM100,0,1782743391986,1782743397190,5204,92,721,17.679,11.982,WM100,2
1782743397515,q1-1h-result-WM100,0,1782743392510,1782743397515,5005,51,554,10.190,9.149,WM100,2
1782743397915,q1-1h-result-WM100,1,1782743392912,1782743397915,5003,45,489,8.995,8.023,WM100,2
1782743398530,q3-1day-result-WM100,0,1782743389723,1782743398530,8807,73,438,8.289,7.113,WM100,2
1782743398530,q3-1day-result-WM100,1,1782743389723,1782743398530,8807,88,542,9.992,8.803,WM100,2
1782743398592,q2-6h-result-WM100,0,1782743392988,1782743398592,5604,20,231,3.569,3.750,WM100,2
1782743401292,q2-1h-result-WM100,1,1782743396189,1782743401292,5103,65,658,12.738,10.224,WM100,2
1782743402293,q2-1h-result-WM100,0,1782743397190,1782743402293,5103,66,787,12.934,12.056,WM100,2
1782743402616,q1-1h-result-WM100,0,1782743397515,1782743402616,5101,47,601,9.214,9.154,WM100,2
1782743403017,q1-1h-result-WM100,1,1782743397915,1782743403017,5102,41,530,8.036,8.024,WM100,2
1782743403094,q2-6h-result-WM100,1,1782743394189,1782743403094,8905,20,151,2.246,2.285,WM100,2
1782743406295,q2-1h-result-WM100,1,1782743401292,1782743406295,5003,76,734,15.191,10.582,WM100,2
1782743407496,q2-1h-result-WM100,0,1782743402293,1782743407496,5203,34,821,6.535,11.649,WM100,2
1782743407621,q1-1h-result-WM100,0,1782743402616,1782743407621,5005,49,650,9.790,9.199,WM100,2
1782743407636,q3-1day-result-WM100,0,1782743398530,1782743407636,9106,72,510,7.907,7.215,WM100,2
1782743407636,q3-1day-result-WM100,1,1782743398530,1782743407636,9106,89,631,9.774,8.928,WM100,2
1782743407636,q3-7day-result-WM100,0,1782743376215,1782743407636,31421,37,74,1.178,1.048,WM100,2
1782743407636,q3-7day-result-WM100,1,1782743376215,1782743407636,31421,46,93,1.464,1.317,WM100,2
1782743408222,q1-1h-result-WM100,1,1782743403017,1782743408222,5205,39,569,7.493,7.985,WM100,2
1782743409898,q2-6h-result-WM100,0,1782743398592,1782743409898,11306,30,261,2.653,3.580,WM100,2
1782743410899,q2-6h-result-WM100,1,1782743403094,1782743410899,7805,40,191,5.125,2.585,WM100,2
1782743411299,q2-1h-result-WM100,1,1782743406295,1782743411299,5004,85,819,16.986,11.013,WM100,2
1782743412624,q1-1h-result-WM100,0,1782743407621,1782743412624,5003,45,695,8.995,9.185,WM100,2
1782743413224,q1-1h-result-WM100,1,1782743408222,1782743413224,5002,40,609,7.997,7.986,WM100,2
1782743413500,q2-1h-result-WM100,0,1782743407496,1782743413500,6004,38,859,6.329,11.231,WM100,2
1782743415502,q2-6h-result-WM100,0,1782743409898,1782743415502,5604,10,271,1.784,3.452,WM100,2
1782743416302,q2-1h-result-WM100,1,1782743411299,1782743416302,5003,97,916,19.388,11.541,WM100,2
1782743416441,q3-1day-result-WM100,0,1782743407636,1782743416441,8805,73,583,8.291,7.334,WM100,2
1782743416441,q3-1day-result-WM100,1,1782743407636,1782743416441,8805,88,719,9.994,9.046,WM100,2
1782743416502,q2-6h-result-WM100,1,1782743410899,1782743416502,5603,30,221,5.354,2.780,WM100,2
1782743417627,q1-1h-result-WM100,0,1782743412624,1782743417627,5003,48,743,9.594,9.211,WM100,2
1782743418228,q1-1h-result-WM100,1,1782743413224,1782743418228,5004,44,653,8.793,8.036,WM100,2
1782743418703,q2-1h-result-WM100,0,1782743413500,1782743418703,5203,49,908,9.418,11.115,WM100,2
1782743421207,q2-6h-result-WM100,0,1782743415502,1782743421207,5705,30,301,5.259,3.575,WM100,2
1782743422729,q1-1h-result-WM100,0,1782743417627,1782743422729,5102,49,792,9.604,9.234,WM100,2
1782743423204,q2-1h-result-WM100,1,1782743416302,1782743423204,6902,48,964,6.955,11.174,WM100,2
1782743423331,q1-1h-result-WM100,1,1782743418228,1782743423331,5103,43,696,8.426,8.059,WM100,2
1782743423806,q2-1h-result-WM100,0,1782743418703,1782743423806,5103,80,988,15.677,11.384,WM100,2
1782743425547,q3-1day-result-WM100,0,1782743416441,1782743425547,9106,73,656,8.017,7.404,WM100,2
1782743425547,q3-1day-result-WM100,1,1782743416441,1782743425547,9106,89,808,9.774,9.121,WM100,2
1782743427735,q1-1h-result-WM100,0,1782743422729,1782743427735,5006,49,841,9.788,9.265,WM100,2
1782743427811,q2-6h-result-WM100,0,1782743421207,1782743427811,6604,40,341,6.057,3.755,WM100,2
1782743428309,q2-1h-result-WM100,1,1782743423204,1782743428309,5105,60,1024,11.753,11.206,WM100,2
1782743428335,q1-1h-result-WM100,1,1782743423331,1782743428335,5004,46,742,9.193,8.121,WM100,2
1782743428809,q2-1h-result-WM100,0,1782743423806,1782743428809,5003,64,1052,12.792,11.460,WM100,2
1782743430012,q2-6h-result-WM100,1,1782743416502,1782743430012,13510,10,231,0.740,2.484,WM100,2
1782743432738,q1-1h-result-WM100,0,1782743427735,1782743432738,5003,49,890,9.794,9.292,WM100,2
1782743433338,q1-1h-result-WM100,1,1782743428335,1782743433338,5003,44,786,8.795,8.156,WM100,2
1782743433413,q2-1h-result-WM100,1,1782743428309,1782743433413,5104,69,1093,13.519,11.329,WM100,2
1782743433414,q2-6h-result-WM100,0,1782743427811,1782743433414,5603,20,361,3.570,3.744,WM100,2
1782743433813,q2-1h-result-WM100,0,1782743428809,1782743433813,5004,46,1098,9.193,11.343,WM100,2
1782743434352,q3-1day-result-WM100,0,1782743425547,1782743434352,8805,73,729,8.291,7.485,WM100,2
1782743434352,q3-1day-result-WM100,1,1782743425547,1782743434352,8805,89,897,10.108,9.210,WM100,2
1782743436616,q2-6h-result-WM100,1,1782743430012,1782743436616,6604,30,261,4.543,2.620,WM100,2
1782743437742,q1-1h-result-WM100,0,1782743432738,1782743437742,5004,49,939,9.792,9.317,WM100,2
1782743438342,q1-1h-result-WM100,1,1782743433338,1782743438342,5004,41,827,8.193,8.158,WM100,2
1782743438616,q2-1h-result-WM100,1,1782743433413,1782743438616,5203,61,1154,11.724,11.349,WM100,2
1782743438955,q3-7day-result-WM100,0,1782743407636,1782743438955,31319,37,111,1.181,1.089,WM100,2
1782743438955,q3-7day-result-WM100,1,1782743407636,1782743438955,31319,45,138,1.437,1.354,WM100,2
1782743439017,q2-6h-result-WM100,0,1782743433414,1782743439017,5603,20,381,3.570,3.735,WM100,2
1782743440217,q2-1h-result-WM100,0,1782743433813,1782743440217,6404,34,1132,5.309,10.969,WM100,2
1782743442846,q1-1h-result-WM100,0,1782743437742,1782743442846,5104,49,988,9.600,9.331,WM100,2
1782743443447,q1-1h-result-WM100,1,1782743438342,1782743443447,5105,42,869,8.227,8.161,WM100,2
1782743443447,q3-1day-result-WM100,0,1782743434352,1782743443447,9095,72,801,7.916,7.521,WM100,2
1782743443447,q3-1day-result-WM100,1,1782743434352,1782743443447,9095,88,985,9.676,9.250,WM100,2
1782743443520,q2-6h-result-WM100,1,1782743436616,1782743443520,6904,10,271,1.448,2.544,WM100,2
1782743444920,q2-1h-result-WM100,1,1782743438616,1782743444920,6304,41,1195,6.504,11.066,WM100,2
1782743445321,q2-1h-result-WM100,0,1782743440217,1782743445321,5104,85,1217,16.654,11.237,WM100,2
1782743445721,q2-6h-result-WM100,0,1782743439017,1782743445721,6704,30,411,4.475,3.780,WM100,2
1782743447850,q1-1h-result-WM100,0,1782743442846,1782743447850,5004,49,1037,9.792,9.352,WM100,2
1782743448450,q1-1h-result-WM100,1,1782743443447,1782743448450,5003,39,908,7.795,8.145,WM100,2
1782743450124,q2-1h-result-WM100,1,1782743444920,1782743450124,5204,57,1252,10.953,11.061,WM100,2
1782743450124,q2-6h-result-WM100,1,1782743443520,1782743450124,6604,20,291,3.028,2.573,WM100,2
1782743450324,q2-1h-result-WM100,0,1782743445321,1782743450324,5003,90,1307,17.989,11.535,WM100,2
1782743452463,q3-1day-result-WM100,0,1782743443447,1782743452463,9016,72,873,7.986,7.558,WM100,2
1782743452463,q3-1day-result-WM100,1,1782743443447,1782743452463,9016,89,1074,9.871,9.298,WM100,2
1782743452853,q1-1h-result-WM100,0,1782743447850,1782743452853,5003,45,1082,8.995,9.336,WM100,2
1782743453453,q1-1h-result-WM100,1,1782743448450,1782743453453,5003,38,946,7.595,8.121,WM100,2
1782743455327,q2-1h-result-WM100,1,1782743450124,1782743455327,5203,82,1334,15.760,11.267,WM100,2
1782743455727,q2-6h-result-WM100,1,1782743450124,1782743455727,5603,40,331,7.139,2.788,WM100,2
1782743455927,q2-1h-result-WM100,0,1782743450324,1782743455927,5603,44,1351,7.853,11.361,WM100,2
1782743457856,q1-1h-result-WM100,0,1782743452853,1782743457856,5003,48,1130,9.594,9.347,WM100,2
1782743458456,q1-1h-result-WM100,1,1782743453453,1782743458456,5003,45,991,8.995,8.157,WM100,2
1782743460130,q2-6h-result-WM100,0,1782743445721,1782743460130,14409,20,431,1.388,3.500,WM100,2
1782743460330,q2-1h-result-WM100,1,1782743455327,1782743460330,5003,86,1420,17.190,11.507,WM100,2
1782743460931,q2-1h-result-WM100,0,1782743455927,1782743460931,5004,72,1423,14.388,11.484,WM100,2
1782743461269,q3-1day-result-WM100,0,1782743452463,1782743461269,8806,73,946,8.290,7.610,WM100,2
1782743461269,q3-1day-result-WM100,1,1782743452463,1782743461269,8806,88,1162,9.993,9.347,WM100,2
1782743462959,q1-1h-result-WM100,0,1782743457856,1782743462959,5103,49,1179,9.602,9.357,WM100,2
1782743463559,q1-1h-result-WM100,1,1782743458456,1782743463559,5103,43,1034,8.426,8.168,WM100,2
1782743463633,q2-6h-result-WM100,1,1782743455727,1782743463633,7906,30,361,3.795,2.851,WM100,2
1782743465634,q2-1h-result-WM100,1,1782743460330,1782743465634,5304,46,1466,8.673,11.391,WM100,2
1782743467235,q2-1h-result-WM100,0,1782743460931,1782743467235,6304,71,1494,11.263,11.473,WM100,2
1782743467962,q1-1h-result-WM100,0,1782743462959,1782743467962,5003,49,1228,9.794,9.374,WM100,2
1782743468036,q2-6h-result-WM100,0,1782743460130,1782743468036,7906,30,461,3.795,3.518,WM100,2
1782743468562,q1-1h-result-WM100,1,1782743463559,1782743468562,5003,43,1077,8.595,8.184,WM100,2
1782743470174,q3-1day-result-WM100,0,1782743461269,1782743470174,8905,72,1018,8.085,7.641,WM100,2
1782743470174,q3-1day-result-WM100,1,1782743461269,1782743470174,8905,89,1251,9.994,9.391,WM100,2
1782743470175,q3-7day-result-WM100,0,1782743438955,1782743470175,31220,37,148,1.185,1.111,WM100,2
1782743470175,q3-7day-result-WM100,1,1782743438955,1782743470175,31220,45,183,1.441,1.374,WM100,2
1782743472038,q2-1h-result-WM100,1,1782743465634,1782743472038,6404,67,1533,10.462,11.347,WM100,2
1782743472239,q2-1h-result-WM100,0,1782743467235,1782743472239,5004,47,1541,9.392,11.396,WM100,2
1782743472965,q1-1h-result-WM100,0,1782743467962,1782743472965,5003,49,1277,9.794,9.389,WM100,2
1782743473565,q1-1h-result-WM100,1,1782743468562,1782743473565,5003,43,1120,8.595,8.199,WM100,2
1782743473640,q2-6h-result-WM100,1,1782743463633,1782743473640,10007,20,381,1.999,2.789,WM100,2
1782743477042,q2-1h-result-WM100,1,1782743472038,1782743477042,5004,80,1613,15.987,11.512,WM100,2
1782743477042,q2-6h-result-WM100,0,1782743468036,1782743477042,9006,40,501,4.441,3.577,WM100,2
1782743477242,q2-1h-result-WM100,0,1782743472239,1782743477242,5003,74,1615,14.791,11.517,WM100,2
1782743477968,q1-1h-result-WM100,0,1782743472965,1782743477968,5003,49,1326,9.794,9.404,WM100,2
1782743478568,q1-1h-result-WM100,1,1782743473565,1782743478568,5003,44,1164,8.795,8.220,WM100,2
1782743479163,q3-global-result-WM100,0,1782743337008,1782743479163,142155,1,1,0.007,0.007,WM100,2
1782743479163,q3-global-result-WM100,1,1782743336969,1782743479163,142194,1,1,0.007,0.007,WM100,2
1782743479180,q3-1day-result-WM100,0,1782743470174,1782743479180,9006,72,1090,7.995,7.664,WM100,2
1782743479180,q3-1day-result-WM100,1,1782743470174,1782743479180,9006,88,1339,9.771,9.415,WM100,2
1782743479244,q2-6h-result-WM100,1,1782743473640,1782743479244,5604,30,411,5.353,2.890,WM100,2
1782743479270,q2-global-result-WM100,1,1782743337001,1782743479270,142269,1,1,0.007,0.007,WM100,2
1782743482245,q2-1h-result-WM100,0,1782743477242,1782743482245,5003,57,1672,11.393,11.513,WM100,2
1782743482545,q2-6h-result-WM100,0,1782743477042,1782743482545,5503,20,521,3.634,3.580,WM100,2
1782743482746,q2-1h-result-WM100,1,1782743477042,1782743482746,5704,72,1685,12.623,11.556,WM100,2
1782743483071,q1-1h-result-WM100,0,1782743477968,1782743483071,5103,49,1375,9.602,9.411,WM100,2
1782743483671,q1-1h-result-WM100,1,1782743478568,1782743483671,5103,42,1206,8.230,8.221,WM100,2
1782743485948,q2-6h-result-WM100,1,1782743479244,1782743485948,6704,20,431,2.983,2.894,WM100,2
1782743487351,q2-1h-result-WM100,0,1782743482245,1782743487351,5106,68,1740,13.318,11.574,WM100,2
1782743487952,q2-1h-result-WM100,1,1782743482746,1782743487952,5206,61,1746,11.717,11.561,WM100,2
1782743488074,q1-1h-result-WM100,0,1782743483071,1782743488074,5003,49,1424,9.794,9.423,WM100,2
1782743488085,q3-1day-result-WM100,0,1782743479180,1782743488085,8905,72,1162,8.085,7.689,WM100,2
1782743488085,q3-1day-result-WM100,1,1782743479180,1782743488085,8905,89,1428,9.994,9.449,WM100,2
1782743488674,q1-1h-result-WM100,1,1782743483671,1782743488674,5003,39,1245,7.795,8.207,WM100,2
1782743491555,q2-6h-result-WM100,1,1782743485948,1782743491555,5607,30,461,5.350,2.983,WM100,2
1782743492355,q2-1h-result-WM100,0,1782743487351,1782743492355,5004,54,1794,10.791,11.549,WM100,2
1782743492755,q2-6h-result-WM100,0,1782743482545,1782743492755,10210,20,541,1.959,3.473,WM100,2
1782743493277,q1-1h-result-WM100,0,1782743488074,1782743493277,5203,45,1469,8.649,9.398,WM100,2
1782743493677,q1-1h-result-WM100,1,1782743488674,1782743493677,5003,39,1284,7.795,8.193,WM100,2
1782743493956,q2-1h-result-WM100,1,1782743487952,1782743493956,6004,82,1828,13.658,11.642,WM100,2
1782743497092,q3-1day-result-WM100,0,1782743488085,1782743497092,9007,73,1235,8.105,7.712,WM100,2
1782743497092,q3-1day-result-WM100,1,1782743488085,1782743497092,9007,89,1517,9.881,9.473,WM100,2
1782743497158,q2-6h-result-WM100,1,1782743491555,1782743497158,5603,20,481,3.570,3.003,WM100,2
1782743498280,q1-1h-result-WM100,0,1782743493277,1782743498280,5003,50,1519,9.994,9.416,WM100,2
1782743498680,q1-1h-result-WM100,1,1782743493677,1782743498680,5003,43,1327,8.595,8.206,WM100,2
1782743498759,q2-1h-result-WM100,0,1782743492355,1782743498759,6404,46,1840,7.183,11.376,WM100,2
1782743499359,q2-1h-result-WM100,1,1782743493956,1782743499359,5403,64,1892,11.845,11.648,WM100,2
1782743501494,q3-7day-result-WM100,0,1782743470175,1782743501494,31319,37,185,1.181,1.125,WM100,2
1782743501494,q3-7day-result-WM100,1,1782743470175,1782743501494,31319,45,228,1.437,1.386,WM100,2
1782743503383,q1-1h-result-WM100,0,1782743498280,1782743503383,5103,49,1568,9.602,9.422,WM100,2
1782743503783,q1-1h-result-WM100,1,1782743498680,1782743503783,5103,43,1370,8.426,8.213,WM100,2
1782743503863,q2-6h-result-WM100,1,1782743497158,1782743503863,6705,40,521,5.966,3.122,WM100,2
1782743504063,q2-1h-result-WM100,0,1782743498759,1782743504063,5304,72,1912,13.575,11.446,WM100,2
1782743505063,q2-1h-result-WM100,1,1782743499359,1782743505063,5704,69,1961,12.097,11.664,WM100,2
1782743505999,q3-1day-result-WM100,0,1782743497092,1782743505999,8907,72,1307,8.084,7.732,WM100,2
1782743505999,q3-1day-result-WM100,1,1782743497092,1782743505999,8907,88,1605,9.880,9.495,WM100,2
1782743508265,q2-6h-result-WM100,0,1782743492755,1782743508265,15510,20,561,1.289,3.276,WM100,2
1782743508386,q1-1h-result-WM100,0,1782743503383,1782743508386,5003,49,1617,9.794,9.433,WM100,2
1782743508786,q1-1h-result-WM100,1,1782743503783,1782743508786,5003,45,1415,8.995,8.235,WM100,2
1782743509066,q2-1h-result-WM100,0,1782743504063,1782743509066,5003,99,2011,19.788,11.688,WM100,2
1782743509466,q2-6h-result-WM100,1,1782743503863,1782743509466,5603,30,551,5.354,3.195,WM100,2
1782743510266,q2-1h-result-WM100,1,1782743505063,1782743510266,5203,68,2029,13.069,11.706,WM100,2
1782743513389,q1-1h-result-WM100,0,1782743508386,1782743513389,5003,49,1666,9.794,9.443,WM100,2
1782743513789,q1-1h-result-WM100,1,1782743508786,1782743513789,5003,44,1459,8.795,8.251,WM100,2
1782743513869,q2-6h-result-WM100,0,1782743508265,1782743513869,5604,20,581,3.569,3.285,WM100,2
1782743514469,q2-1h-result-WM100,0,1782743509066,1782743514469,5403,75,2086,13.881,11.755,WM100,2
1782743515004,q3-1day-result-WM100,0,1782743505999,1782743515004,9005,74,1381,8.218,7.756,WM100,2
1782743515004,q3-1day-result-WM100,1,1782743505999,1782743515004,9005,89,1694,9.883,9.514,WM100,2
1782743516870,q2-1h-result-WM100,1,1782743510266,1782743516870,6604,33,2062,4.997,11.460,WM100,2
1782743517271,q2-6h-result-WM100,1,1782743509466,1782743517271,7805,20,571,2.562,3.168,WM100,2
1782743518391,q1-1h-result-WM100,0,1782743513389,1782743518391,5002,49,1715,9.796,9.453,WM100,2
1782743518792,q1-1h-result-WM100,1,1782743513789,1782743518792,5003,43,1502,8.595,8.261,WM100,2
1782743520873,q2-1h-result-WM100,0,1782743514469,1782743520873,6404,44,2130,6.871,11.585,WM100,2
1782743522074,q2-1h-result-WM100,1,1782743516870,1782743522074,5204,111,2173,21.330,11.737,WM100,2
1782743522974,q2-6h-result-WM100,1,1782743517271,1782743522974,5703,30,601,5.260,3.232,WM100,2
1782743523494,q1-1h-result-WM100,0,1782743518391,1782743523494,5103,49,1764,9.602,9.457,WM100,2
1782743523809,q3-1day-result-WM100,0,1782743515004,1782743523809,8805,72,1453,8.177,7.776,WM100,2
1782743523809,q3-1day-result-WM100,1,1782743515004,1782743523809,8805,88,1782,9.994,9.537,WM100,2
1782743523895,q1-1h-result-WM100,1,1782743518792,1782743523895,5103,44,1546,8.622,8.270,WM100,2
1782743523975,q2-6h-result-WM100,0,1782743513869,1782743523975,10106,30,611,2.969,3.268,WM100,2
1782743525976,q2-1h-result-WM100,0,1782743520873,1782743525976,5103,52,2182,10.190,11.547,WM100,2
1782743527173,q2-1h-result-WM100,1,1782743522074,1782743527173,5099,70,2243,13.728,11.790,WM100,2
1782743528498,q1-1h-result-WM100,0,1782743523494,1782743528498,5004,47,1811,9.392,9.455,WM100,2
1782743528898,q1-1h-result-WM100,1,1782743523895,1782743528898,5003,38,1584,7.595,8.253,WM100,2
1782743530779,q2-6h-result-WM100,0,1782743523975,1782743530779,6804,30,641,4.409,3.308,WM100,2
1782743530979,q2-1h-result-WM100,0,1782743525976,1782743530979,5003,72,2254,14.391,11.621,WM100,2
1782743532580,q2-1h-result-WM100,1,1782743527173,1782743532580,5407,41,2284,7.583,11.674,WM100,2
1782743532915,q3-1day-result-WM100,0,1782743523809,1782743532915,9106,72,1525,7.907,7.782,WM100,2
1782743532915,q3-1day-result-WM100,1,1782743523809,1782743532915,9106,89,1871,9.774,9.548,WM100,2
1782743532915,q3-7day-result-WM100,0,1782743501494,1782743532915,31421,37,222,1.178,1.133,WM100,2
1782743532915,q3-7day-result-WM100,1,1782743501494,1782743532915,31421,45,273,1.432,1.394,WM100,2
1782743532981,q2-6h-result-WM100,1,1782743522974,1782743532981,10007,20,621,1.999,3.169,WM100,2
1782743533501,q1-1h-result-WM100,0,1782743528498,1782743533501,5003,49,1860,9.794,9.464,WM100,2
1782743533901,q1-1h-result-WM100,1,1782743528898,1782743533901,5003,38,1622,7.595,8.236,WM100,2
1782743535982,q2-1h-result-WM100,0,1782743530979,1782743535982,5003,96,2350,19.188,11.811,WM100,2
1782743538504,q1-1h-result-WM100,0,1782743533501,1782743538504,5003,44,1904,8.795,9.447,WM100,2
1782743538784,q2-1h-result-WM100,1,1782743532580,1782743538784,6204,59,2343,9.510,11.608,WM100,2
1782743538904,q1-1h-result-WM100,1,1782743533901,1782743538904,5003,45,1667,8.995,8.255,WM100,2
1782743539585,q2-6h-result-WM100,0,1782743530779,1782743539585,8806,30,671,3.407,3.312,WM100,2
1782743540985,q2-1h-result-WM100,0,1782743535982,1782743540985,5003,81,2431,16.190,11.918,WM100,2
1782743541721,q3-1day-result-WM100,0,1782743532915,1782743541721,8806,74,1599,8.403,7.809,WM100,2
1782743541721,q3-1day-result-WM100,1,1782743532915,1782743541721,8806,88,1959,9.993,9.567,WM100,2
1782743543607,q1-1h-result-WM100,0,1782743538504,1782743543607,5103,49,1953,9.602,9.451,WM100,2
1782743543884,q2-1h-result-WM100,1,1782743538784,1782743543884,5100,56,2399,10.980,11.592,WM100,2
1782743544007,q1-1h-result-WM100,1,1782743538904,1782743544007,5103,45,1712,8.818,8.269,WM100,2
1782743544088,q2-6h-result-WM100,1,1782743532981,1782743544088,11107,30,651,2.701,3.144,WM100,2
1782743545289,q2-6h-result-WM100,0,1782743539585,1782743545289,5704,30,701,5.259,3.366,WM100,2
1782743546289,q2-1h-result-WM100,0,1782743540985,1782743546289,5304,68,2499,12.821,11.941,WM100,2
1782743548610,q1-1h-result-WM100,0,1782743543607,1782743548610,5003,49,2002,9.794,9.459,WM100,2
1782743548890,q2-1h-result-WM100,1,1782743543884,1782743548890,5006,69,2468,13.783,11.644,WM100,2
1782743549010,q1-1h-result-WM100,1,1782743544007,1782743549010,5003,45,1757,8.995,8.286,WM100,2
1782743549692,q2-6h-result-WM100,1,1782743544088,1782743549692,5604,10,661,1.784,3.108,WM100,2
1782743550826,q3-1day-result-WM100,0,1782743541721,1782743550826,9105,76,1675,8.347,7.832,WM100,2
1782743550826,q3-1day-result-WM100,1,1782743541721,1782743550826,9105,88,2047,9.665,9.571,WM100,2
1782743552092,q2-1h-result-WM100,0,1782743546289,1782743552092,5803,47,2546,8.099,11.838,WM100,2
1782743553094,q2-6h-result-WM100,0,1782743545289,1782743553094,7805,30,731,3.844,3.383,WM100,2
1782743553613,q1-1h-result-WM100,0,1782743548610,1782743553613,5003,49,2051,9.794,9.467,WM100,2
1782743553894,q2-1h-result-WM100,1,1782743548890,1782743553894,5004,60,2528,11.990,11.652,WM100,2
1782743554013,q1-1h-result-WM100,1,1782743549010,1782743554013,5003,45,1802,8.995,8.302,WM100,2
1782743555295,q2-6h-result-WM100,1,1782743549692,1782743555295,5603,20,681,3.570,3.120,WM100,2
1782743557696,q2-1h-result-WM100,0,1782743552092,1782743557696,5604,112,2658,19.986,12.045,WM100,2
1782743558616,q1-1h-result-WM100,0,1782743553613,1782743558616,5003,49,2100,9.794,9.474,WM100,2
1782743558897,q2-1h-result-WM100,1,1782743553894,1782743558897,5003,71,2599,14.191,11.709,WM100,2
1782743559016,q1-1h-result-WM100,1,1782743554013,1782743559016,5003,45,1847,8.995,8.318,WM100,2
1782743559632,q3-1day-result-WM100,0,1782743550826,1782743559632,8806,76,1751,8.630,7.863,WM100,2
1782743559632,q3-1day-result-WM100,1,1782743550826,1782743559632,8806,88,2135,9.993,9.588,WM100,2
1782743559698,q2-6h-result-WM100,0,1782743553094,1782743559698,6604,20,751,3.028,3.372,WM100,2
1782743561899,q2-6h-result-WM100,1,1782743555295,1782743561899,6604,30,711,4.543,3.162,WM100,2
1782743562699,q2-1h-result-WM100,0,1782743557696,1782743562699,5003,32,2690,6.396,11.919,WM100,2
1782743563720,q1-1h-result-WM100,0,1782743558616,1782743563720,5104,49,2149,9.600,9.477,WM100,2
1782743564120,q1-1h-result-WM100,1,1782743559016,1782743564120,5104,43,1890,8.425,8.320,WM100,2
1782743564201,q2-1h-result-WM100,1,1782743558897,1782743564201,5304,83,2682,15.649,11.801,WM100,2
1782743564235,q3-7day-result-WM100,0,1782743532915,1782743564235,31320,37,259,1.181,1.140,WM100,2
1782743564235,q3-7day-result-WM100,1,1782743532915,1782743564235,31320,45,318,1.437,1.400,WM100,2
1782743567603,q2-6h-result-WM100,0,1782743559698,1782743567603,7905,20,771,2.530,3.343,WM100,2
1782743568203,q2-1h-result-WM100,0,1782743562699,1782743568203,5504,74,2764,13.445,11.956,WM100,2
1782743568723,q1-1h-result-WM100,0,1782743563720,1782743568723,5003,49,2198,9.794,9.484,WM100,2
1782743568737,q3-1day-result-WM100,0,1782743559632,1782743568737,9105,76,1827,8.347,7.882,WM100,2
1782743568737,q3-1day-result-WM100,1,1782743559632,1782743568737,9105,88,2223,9.665,9.591,WM100,2
1782743569124,q1-1h-result-WM100,1,1782743564120,1782743569124,5004,43,1933,8.593,8.326,WM100,2
1782743570004,q2-1h-result-WM100,1,1782743564201,1782743570004,5803,74,2756,12.752,11.825,WM100,2
1782743571005,q2-6h-result-WM100,1,1782743561899,1782743571005,9106,30,741,3.295,3.167,WM100,2
1782743573727,q1-1h-result-WM100,0,1782743568723,1782743573727,5004,49,2247,9.792,9.490,WM100,2
1782743574328,q1-1h-result-WM100,1,1782743569124,1782743574328,5204,40,1973,7.686,8.312,WM100,2
1782743574807,q2-1h-result-WM100,0,1782743568203,1782743574807,6604,61,2825,9.237,11.880,WM100,2
1782743575007,q2-1h-result-WM100,1,1782743570004,1782743575007,5003,88,2844,17.589,11.946,WM100,2
1782743575408,q2-6h-result-WM100,0,1782743567603,1782743575408,7805,20,791,2.562,3.318,WM100,2
1782743576609,q2-6h-result-WM100,1,1782743571005,1782743576609,5604,30,771,5.353,3.218,WM100,2
1782743577543,q3-1day-result-WM100,0,1782743568737,1782743577543,8806,76,1903,8.630,7.910,WM100,2
1782743577543,q3-1day-result-WM100,1,1782743568737,1782743577543,8806,88,2311,9.993,9.606,WM100,2
1782743578731,q1-1h-result-WM100,0,1782743573727,1782743578731,5004,44,2291,8.793,9.476,WM100,2
1782743579331,q1-1h-result-WM100,1,1782743574328,1782743579331,5003,45,2018,8.995,8.326,WM100,2
1782743580011,q2-1h-result-WM100,0,1782743574807,1782743580011,5204,85,2910,16.334,11.976,WM100,2
1782743580211,q2-1h-result-WM100,1,1782743575007,1782743580211,5204,61,2905,11.722,11.941,WM100,2
1782743581012,q2-6h-result-WM100,0,1782743575408,1782743581012,5604,20,811,3.569,3.324,WM100,2
1782743582213,q2-6h-result-WM100,1,1782743576609,1782743582213,5604,20,791,3.569,3.226,WM100,2
1782743583833,q1-1h-result-WM100,0,1782743578731,1782743583833,5102,49,2340,9.604,9.479,WM100,2
1782743584421,q1-1h-result-WM100,1,1782743579331,1782743584421,5090,45,2063,8.841,8.337,WM100,2
1782743585114,q2-1h-result-WM100,0,1782743580011,1782743585114,5103,100,3010,19.596,12.132,WM100,2
1782743585314,q2-1h-result-WM100,1,1782743580211,1782743585314,5103,51,2956,9.994,11.901,WM100,2
1782743586648,q3-1day-result-WM100,0,1782743577543,1782743586648,9105,76,1979,8.347,7.926,WM100,2
1782743586648,q3-1day-result-WM100,1,1782743577543,1782743586648,9105,88,2399,9.665,9.608,WM100,2
1782743588837,q1-1h-result-WM100,0,1782743583833,1782743588837,5004,49,2389,9.792,9.485,WM100,2
1782743588917,q2-6h-result-WM100,0,1782743581012,1782743588917,7905,30,841,3.795,3.338,WM100,2
1782743589437,q1-1h-result-WM100,1,1782743584421,1782743589437,5016,45,2108,8.971,8.349,WM100,2
1782743589917,q2-6h-result-WM100,1,1782743582213,1782743589917,7704,20,811,2.596,3.207,WM100,2
1782743590317,q2-1h-result-WM100,1,1782743585314,1782743590317,5003,74,3030,14.791,11.958,WM100,2
1782743590517,q2-1h-result-WM100,0,1782743585114,1782743590517,5403,71,3081,13.141,12.154,WM100,2
1782743593840,q1-1h-result-WM100,0,1782743588837,1782743593840,5003,49,2438,9.794,9.491,WM100,2
1782743594440,q1-1h-result-WM100,1,1782743589437,1782743594440,5003,45,2153,8.995,8.362,WM100,2
1782743594520,q2-6h-result-WM100,0,1782743588917,1782743594520,5603,30,871,5.354,3.382,WM100,2
1782743595654,q3-1day-result-WM100,0,1782743586648,1782743595654,9006,76,2055,8.439,7.944,WM100,2
1782743595654,q3-1day-result-WM100,1,1782743586648,1782743595654,9006,88,2487,9.771,9.614,WM100,2
1782743595654,q3-7day-result-WM100,0,1782743564235,1782743595654,31419,38,297,1.209,1.148,WM100,2
1782743595654,q3-7day-result-WM100,1,1782743564235,1782743595654,31419,44,362,1.400,1.400,WM100,2
1782743595721,q2-6h-result-WM100,1,1782743589917,1782743595721,5804,10,821,1.723,3.173,WM100,2
1782743596921,q2-1h-result-WM100,0,1782743590517,1782743596921,6404,70,3151,10.931,12.124,WM100,2
1782743597121,q2-1h-result-WM100,1,1782743590317,1782743597121,6804,60,3090,8.818,11.876,WM100,2
1782743598844,q1-1h-result-WM100,0,1782743593840,1782743598844,5004,49,2487,9.792,9.497,WM100,2
1782743599444,q1-1h-result-WM100,1,1782743594440,1782743599444,5004,45,2198,8.993,8.374,WM100,2
1782743602125,q2-1h-result-WM100,1,1782743597121,1782743602125,5004,76,3166,15.188,11.938,WM100,2
1782743602325,q2-6h-result-WM100,1,1782743595721,1782743602325,6604,30,851,4.543,3.207,WM100,2
1782743602925,q2-1h-result-WM100,0,1782743596921,1782743602925,6004,91,3242,15.157,12.192,WM100,2
1782743603847,q1-1h-result-WM100,0,1782743598844,1782743603847,5003,49,2536,9.794,9.502,WM100,2
1782743604460,q3-1day-result-WM100,0,1782743595654,1782743604460,8806,76,2131,8.630,7.966,WM100,2
1782743604460,q3-1day-result-WM100,1,1782743595654,1782743604460,8806,88,2575,9.993,9.626,WM100,2
1782743604544,q3-global-result-WM100,0,1782743479163,1782743604544,125381,37,38,0.295,0.142,WM100,2
1782743604544,q3-global-result-WM100,1,1782743479163,1782743604544,125381,46,47,0.367,0.176,WM100,2
1782743604547,q1-1h-result-WM100,1,1782743599444,1782743604547,5103,45,2243,8.818,8.382,WM100,2
1782743604550,q2-global-result-WM100,0,1782743336914,1782743604550,267636,1,1,0.004,0.004,WM100,2
1782743604630,q2-6h-result-WM100,0,1782743594520,1782743604630,10110,20,891,1.978,3.329,WM100,2
1782743607628,q2-1h-result-WM100,1,1782743602125,1782743607628,5503,96,3262,17.445,12.050,WM100,2
1782743608028,q2-1h-result-WM100,0,1782743602925,1782743608028,5103,70,3312,13.717,12.221,WM100,2
1782743608950,q1-1h-result-WM100,0,1782743603847,1782743608950,5103,49,2585,9.602,9.504,WM100,2
1782743609035,q2-6h-result-WM100,1,1782743602325,1782743609035,6710,20,871,2.981,3.202,WM100,2
1782743610093,q1-1h-result-WM100,1,1782743604547,1782743610093,5546,42,2285,7.573,8.366,WM100,2
1782743611236,q2-6h-result-WM100,0,1782743604630,1782743611236,6606,30,921,4.541,3.358,WM100,2
1782743612831,q2-1h-result-WM100,1,1782743607628,1782743612831,5203,60,3322,11.532,12.041,WM100,2
1782743613032,q2-1h-result-WM100,0,1782743608028,1782743613032,5004,83,3395,16.587,12.300,WM100,2
1782743613365,q3-1day-result-WM100,0,1782743604460,1782743613365,8905,76,2207,8.535,7.984,WM100,2
1782743613365,q3-1day-result-WM100,1,1782743604460,1782743613365,8905,88,2663,9.882,9.634,WM100,2
1782743613953,q1-1h-result-WM100,0,1782743608950,1782743613953,5003,45,2630,8.995,9.495,WM100,2
1782743615112,q1-1h-result-WM100,1,1782743610093,1782743615112,5019,45,2330,8.966,8.377,WM100,2
1782743615640,q2-6h-result-WM100,1,1782743609035,1782743615640,6605,20,891,3.028,3.198,WM100,2
1782743616841,q2-6h-result-WM100,0,1782743611236,1782743616841,5605,20,941,3.568,3.363,WM100,2
1782743617835,q2-1h-result-WM100,1,1782743612831,1782743617835,5004,90,3412,17.986,12.147,WM100,2
1782743618956,q1-1h-result-WM100,0,1782743613953,1782743618956,5003,48,2678,9.594,9.497,WM100,2
1782743619236,q2-1h-result-WM100,0,1782743613032,1782743619236,6204,55,3450,8.865,12.224,WM100,2
1782743620157,q1-1h-result-WM100,1,1782743615112,1782743620157,5045,45,2375,8.920,8.387,WM100,2
1782743622371,q3-1day-result-WM100,0,1782743613365,1782743622371,9006,75,2282,8.328,7.995,WM100,2
1782743622371,q3-1day-result-WM100,1,1782743613365,1782743622371,9006,88,2751,9.771,9.639,WM100,2
1782743622444,q2-6h-result-WM100,0,1782743616841,1782743622444,5603,20,961,3.570,3.367,WM100,2
1782743623838,q2-1h-result-WM100,1,1782743617835,1782743623838,6003,44,3456,7.330,12.046,WM100,2
1782743623960,q1-1h-result-WM100,0,1782743618956,1782743623960,5004,49,2727,9.792,9.502,WM100,2
1782743624645,q2-6h-result-WM100,1,1782743615640,1782743624645,9005,30,921,3.331,3.202,WM100,2
1782743625200,q1-1h-result-WM100,1,1782743620157,1782743625200,5043,46,2421,9.122,8.399,WM100,2
1782743625339,q2-1h-result-WM100,0,1782743619236,1782743625339,6103,59,3509,9.667,12.170,WM100,2
1782743626867,q3-7day-result-WM100,0,1782743595654,1782743626867,31213,38,335,1.217,1.156,WM100,2
1782743626867,q3-7day-result-WM100,1,1782743595654,1782743626867,31213,44,406,1.410,1.401,WM100,2
1782743628942,q2-1h-result-WM100,1,1782743623838,1782743628942,5104,95,3551,18.613,12.161,WM100,2
1782743629063,q1-1h-result-WM100,0,1782743623960,1782743629063,5103,49,2776,9.602,9.503,WM100,2
1782743629149,q2-6h-result-WM100,0,1782743622444,1782743629149,6705,10,971,1.491,3.324,WM100,2
1782743630264,q1-1h-result-WM100,1,1782743625200,1782743630264,5064,46,2467,9.084,8.411,WM100,2
1782743630349,q2-6h-result-WM100,1,1782743624645,1782743630349,5704,30,951,5.259,3.242,WM100,2
1782743630543,q2-1h-result-WM100,0,1782743625339,1782743630543,5204,81,3590,15.565,12.231,WM100,2
1782743631276,q3-1day-result-WM100,0,1782743622371,1782743631276,8905,76,2358,8.535,8.012,WM100,2
1782743631276,q3-1day-result-WM100,1,1782743622371,1782743631276,8905,89,2840,9.994,9.649,WM100,2
1782743634068,q1-1h-result-WM100,0,1782743629063,1782743634068,5005,49,2825,9.790,9.508,WM100,2
1782743634345,q2-1h-result-WM100,1,1782743628942,1782743634345,5403,83,3634,15.362,12.219,WM100,2
1782743634752,q2-6h-result-WM100,0,1782743629149,1782743634752,5603,10,981,1.785,3.295,WM100,2
1782743635269,q1-1h-result-WM100,1,1782743630264,1782743635269,5005,46,2513,9.191,8.424,WM100,2
1782743635953,q2-6h-result-WM100,1,1782743630349,1782743635953,5604,30,981,5.353,3.282,WM100,2
1782743637147,q2-1h-result-WM100,0,1782743630543,1782743637147,6604,106,3696,16.051,12.315,WM100,2
1782743639073,q1-1h-result-WM100,0,1782743634068,1782743639073,5005,49,2874,9.790,9.513,WM100,2
1782743639348,q2-1h-result-WM100,1,1782743634345,1782743639348,5003,37,3671,7.396,12.139,WM100,2
1782743640474,q1-1h-result-WM100,1,1782743635269,1782743640474,5205,46,2559,8.838,8.431,WM100,2
1782743640479,q3-1day-result-WM100,0,1782743631276,1782743640479,9203,76,2434,8.258,8.019,WM100,2
1782743640479,q3-1day-result-WM100,1,1782743631276,1782743640479,9203,90,2930,9.779,9.653,WM100,2
1782743642557,q2-6h-result-WM100,1,1782743635953,1782743642557,6604,20,1001,3.028,3.276,WM100,2
1782743643151,q2-1h-result-WM100,0,1782743637147,1782743643151,6004,91,3787,15.157,12.370,WM100,2
1782743643558,q2-6h-result-WM100,0,1782743634752,1782743643558,8806,30,1011,3.407,3.298,WM100,2
1782743644076,q1-1h-result-WM100,0,1782743639073,1782743644076,5003,48,2922,9.594,9.514,WM100,2
1782743645877,q1-1h-result-WM100,1,1782743640474,1782743645877,5403,42,2601,7.773,8.420,WM100,2
1782743646453,q2-1h-result-WM100,1,1782743639348,1782743646453,7105,92,3763,12.949,12.157,WM100,2
1782743648261,q2-6h-result-WM100,1,1782743642557,1782743648261,5704,20,1021,3.506,3.280,WM100,2
1782743648454,q2-1h-result-WM100,0,1782743643151,1782743648454,5303,124,3911,23.383,12.558,WM100,2
1782743649179,q1-1h-result-WM100,0,1782743644076,1782743649179,5103,48,2970,9.406,9.513,WM100,2
1782743649187,q3-1day-result-WM100,0,1782743640479,1782743649187,8708,76,2510,8.728,8.039,WM100,2
1782743649187,q3-1day-result-WM100,1,1782743640479,1782743649187,8708,88,3018,10.106,9.666,WM100,2
1782743649261,q2-6h-result-WM100,0,1782743643558,1782743649261,5703,20,1031,3.507,3.302,WM100,2
1782743650980,q1-1h-result-WM100,1,1782743645877,1782743650980,5103,45,2646,8.818,8.426,WM100,2
1782743651656,q2-1h-result-WM100,1,1782743646453,1782743651656,5203,62,3825,11.916,12.154,WM100,2
1782743653457,q2-1h-result-WM100,0,1782743648454,1782743653457,5003,91,4002,18.189,12.647,WM100,2
1782743654357,q1-1h-result-WM100,0,1782743649179,1782743654357,5178,46,3016,8.884,9.502,WM100,2
1782743655985,q1-1h-result-WM100,1,1782743650980,1782743655985,5005,45,2691,8.991,8.435,WM100,2
1782743656066,q2-6h-result-WM100,0,1782743649261,1782743656066,6805,40,1071,5.878,3.357,WM100,2
1782743656659,q2-1h-result-WM100,1,1782743651656,1782743656659,5003,71,3896,14.191,12.185,WM100,2
1782743658194,q3-1day-result-WM100,0,1782743649187,1782743658194,9007,74,2584,8.216,8.044,WM100,2
1782743658194,q3-1day-result-WM100,1,1782743649187,1782743658194,9007,88,3106,9.770,9.669,WM100,2
1782743658194,q3-7day-result-WM100,0,1782743626867,1782743658194,31327,38,373,1.213,1.161,WM100,2
1782743658194,q3-7day-result-WM100,1,1782743626867,1782743658194,31327,45,451,1.436,1.404,WM100,2
1782743658269,q2-6h-result-WM100,1,1782743648261,1782743658269,10008,10,1031,0.999,3.209,WM100,2
1782743659387,q1-1h-result-WM100,0,1782743654357,1782743659387,5030,46,3062,9.145,9.497,WM100,2
1782743659661,q2-1h-result-WM100,0,1782743653457,1782743659661,6204,60,4062,9.671,12.590,WM100,2
1782743660988,q1-1h-result-WM100,1,1782743655985,1782743660988,5003,45,2736,8.995,8.444,WM100,2
1782743661471,q2-6h-result-WM100,0,1782743656066,1782743661471,5405,30,1101,5.550,3.393,WM100,2
1782743662263,q2-1h-result-WM100,1,1782743656659,1782743662263,5604,84,3980,14.989,12.234,WM100,2
1782743664390,q1-1h-result-WM100,0,1782743659387,1782743664390,5003,48,3110,9.594,9.498,WM100,2
1782743664873,q2-6h-result-WM100,1,1782743658269,1782743664873,6604,10,1041,1.514,3.175,WM100,2
1782743665665,q2-1h-result-WM100,0,1782743659661,1782743665665,6004,91,4153,15.157,12.637,WM100,2
1782743665991,q1-1h-result-WM100,1,1782743660988,1782743665991,5003,45,2781,8.995,8.452,WM100,2
1782743667000,q3-1day-result-WM100,0,1782743658194,1782743667000,8806,74,2658,8.403,8.053,WM100,2
1782743667000,q3-1day-result-WM100,1,1782743658194,1782743667000,8806,88,3194,9.993,9.678,WM100,2
1782743667174,q2-6h-result-WM100,0,1782743661471,1782743667174,5703,30,1131,5.260,3.425,WM100,2
1782743668567,q2-1h-result-WM100,1,1782743662263,1782743668567,6304,71,4051,11.263,12.215,WM100,2
1782743669493,q1-1h-result-WM100,0,1782743664390,1782743669493,5103,48,3158,9.406,9.497,WM100,2
1782743670577,q2-6h-result-WM100,1,1782743664873,1782743670577,5704,10,1051,1.753,3.151,WM100,2
1782743670768,q2-1h-result-WM100,0,1782743665665,1782743670768,5103,93,4246,18.225,12.722,WM100,2
1782743671094,q1-1h-result-WM100,1,1782743665991,1782743671094,5103,45,2826,8.818,8.458,WM100,2
1782743673670,q2-1h-result-WM100,1,1782743668567,1782743673670,5103,69,4120,13.521,12.235,WM100,2
1782743673979,q2-6h-result-WM100,0,1782743667174,1782743673979,6805,20,1151,2.939,3.416,WM100,2
1782743674496,q1-1h-result-WM100,0,1782743669493,1782743674496,5003,48,3206,9.594,9.498,WM100,2
1782743675771,q2-1h-result-WM100,0,1782743670768,1782743675771,5003,82,4328,16.390,12.776,WM100,2
1782743676097,q1-1h-result-WM100,1,1782743671094,1782743676097,5003,45,2871,8.995,8.466,WM100,2
1782743676105,q3-1day-result-WM100,0,1782743667000,1782743676105,9105,74,2732,8.127,8.055,WM100,2
1782743676105,q3-1day-result-WM100,1,1782743667000,1782743676105,9105,88,3282,9.665,9.677,WM100,2
1782743679382,q2-6h-result-WM100,0,1782743673979,1782743679382,5403,30,1181,5.552,3.449,WM100,2
1782743679499,q1-1h-result-WM100,0,1782743674496,1782743679499,5003,48,3254,9.594,9.500,WM100,2
1782743679774,q2-1h-result-WM100,1,1782743673670,1782743679774,6104,86,4206,14.089,12.268,WM100,2
1782743681700,q1-1h-result-WM100,1,1782743676097,1782743681700,5603,42,2913,7.496,8.450,WM100,2
1782743681975,q2-1h-result-WM100,0,1782743675771,1782743681975,6204,78,4406,12.573,12.772,WM100,2
1782743683985,q2-6h-result-WM100,1,1782743670577,1782743683985,13408,30,1081,2.237,3.115,WM100,2
1782743684502,q1-1h-result-WM100,0,1782743679499,1782743684502,5003,48,3302,9.594,9.501,WM100,2
1782743684777,q2-1h-result-WM100,1,1782743679774,1782743684777,5003,71,4277,14.191,12.296,WM100,2
1782743684911,q3-1day-result-WM100,0,1782743676105,1782743684911,8806,74,2806,8.403,8.064,WM100,2
1782743684911,q3-1day-result-WM100,1,1782743676105,1782743684911,8806,88,3370,9.993,9.685,WM100,2
1782743686703,q1-1h-result-WM100,1,1782743681700,1782743686703,5003,45,2958,8.995,8.458,WM100,2
1782743687079,q2-1h-result-WM100,0,1782743681975,1782743687079,5104,81,4487,15.870,12.818,WM100,2
1782743688488,q2-6h-result-WM100,0,1782743679382,1782743688488,9106,30,1211,3.295,3.445,WM100,2
1782743689605,q1-1h-result-WM100,0,1782743684502,1782743689605,5103,46,3348,9.014,9.494,WM100,2
1782743689614,q3-7day-result-WM100,0,1782743658194,1782743689614,31420,38,411,1.209,1.166,WM100,2
1782743689614,q3-7day-result-WM100,1,1782743658194,1782743689614,31420,45,496,1.432,1.407,WM100,2
1782743689689,q2-6h-result-WM100,1,1782743683985,1782743689689,5704,30,1111,5.259,3.150,WM100,2
1782743691081,q2-1h-result-WM100,1,1782743684777,1782743691081,6304,74,4351,11.739,12.286,WM100,2
1782743691806,q1-1h-result-WM100,1,1782743686703,1782743691806,5103,45,3003,8.818,8.463,WM100,2
1782743692082,q2-1h-result-WM100,0,1782743687079,1782743692082,5003,89,4576,17.789,12.888,WM100,2
1782743694016,q3-1day-result-WM100,0,1782743684911,1782743694016,9105,74,2880,8.127,8.066,WM100,2
1782743694016,q3-1day-result-WM100,1,1782743684911,1782743694016,9105,88,3458,9.665,9.685,WM100,2
1782743695008,q1-1h-result-WM100,0,1782743689605,1782743695008,5403,48,3396,8.884,9.485,WM100,2
1782743696085,q2-1h-result-WM100,1,1782743691081,1782743696085,5004,91,4442,18.185,12.368,WM100,2
1782743696293,q2-6h-result-WM100,1,1782743689689,1782743696293,6604,40,1151,6.057,3.204,WM100,2
1782743696809,q1-1h-result-WM100,1,1782743691806,1782743696809,5003,45,3048,8.995,8.470,WM100,2
1782743697085,q2-1h-result-WM100,0,1782743692082,1782743697085,5003,67,4643,13.392,12.895,WM100,2
1782743697294,q2-6h-result-WM100,0,1782743688488,1782743697294,8806,10,1221,1.136,3.389,WM100,2
1782743700011,q1-1h-result-WM100,0,1782743695008,1782743700011,5003,48,3444,9.594,9.486,WM100,2
1782743701088,q2-1h-result-WM100,1,1782743696085,1782743701088,5003,71,4513,14.191,12.393,WM100,2
1782743701812,q1-1h-result-WM100,1,1782743696809,1782743701812,5003,47,3095,9.394,8.483,WM100,2
1782743701898,q2-6h-result-WM100,1,1782743696293,1782743701898,5605,30,1181,5.352,3.237,WM100,2
1782743702089,q2-1h-result-WM100,0,1782743697085,1782743702089,5004,85,4728,16.986,12.951,WM100,2
1782743702822,q3-1day-result-WM100,0,1782743694016,1782743702822,8806,74,2954,8.403,8.074,WM100,2
1782743702822,q3-1day-result-WM100,1,1782743694016,1782743702822,8806,88,3546,9.993,9.692,WM100,2
1782743705014,q1-1h-result-WM100,0,1782743700011,1782743705014,5003,48,3492,9.594,9.488,WM100,2
1782743706292,q2-1h-result-WM100,1,1782743701088,1782743706292,5204,66,4579,12.683,12.397,WM100,2
1782743706815,q1-1h-result-WM100,1,1782743701812,1782743706815,5003,43,3138,8.595,8.485,WM100,2
1782743707501,q2-6h-result-WM100,1,1782743701898,1782743707501,5603,40,1221,7.139,3.296,WM100,2
1782743708993,q2-1h-result-WM100,0,1782743702089,1782743708993,6904,87,4815,12.601,12.944,WM100,2
1782743709803,q2-6h-result-WM100,0,1782743697294,1782743709803,12509,10,1231,0.799,3.302,WM100,2
1782743710117,q1-1h-result-WM100,0,1782743705014,1782743710117,5103,48,3540,9.406,9.487,WM100,2
1782743711395,q2-1h-result-WM100,1,1782743706292,1782743711395,5103,98,4677,19.204,12.490,WM100,2
1782743711918,q1-1h-result-WM100,1,1782743706815,1782743711918,5103,45,3183,8.818,8.489,WM100,2
1782743711927,q3-1day-result-WM100,0,1782743702822,1782743711927,9105,74,3028,8.127,8.075,WM100,2
1782743711927,q3-1day-result-WM100,1,1782743702822,1782743711927,9105,88,3634,9.665,9.691,WM100,2
1782743713997,q2-1h-result-WM100,0,1782743708993,1782743713997,5004,48,4863,9.592,12.900,WM100,2
1782743715120,q1-1h-result-WM100,0,1782743710117,1782743715120,5003,48,3588,9.594,9.488,WM100,2
1782743715207,q2-6h-result-WM100,0,1782743709803,1782743715207,5404,40,1271,7.402,3.361,WM100,2
1782743716408,q2-6h-result-WM100,1,1782743707501,1782743716408,8907,10,1231,1.123,3.245,WM100,2
1782743717322,q1-1h-result-WM100,1,1782743711918,1782743717322,5404,42,3225,7.772,8.479,WM100,2
1782743718000,q2-1h-result-WM100,1,1782743711395,1782743718000,6605,69,4746,10.447,12.454,WM100,2
1782743719000,q2-1h-result-WM100,0,1782743713997,1782743719000,5003,96,4959,19.188,12.982,WM100,2
1782743720123,q1-1h-result-WM100,0,1782743715120,1782743720123,5003,48,3636,9.594,9.489,WM100,2
1782743720733,q3-1day-result-WM100,0,1782743711927,1782743720733,8806,74,3102,8.403,8.083,WM100,2
1782743720733,q3-1day-result-WM100,1,1782743711927,1782743720733,8806,88,3722,9.993,9.698,WM100,2
1782743720733,q3-7day-result-WM100,0,1782743689614,1782743720733,31119,37,448,1.189,1.168,WM100,2
1782743720733,q3-7day-result-WM100,1,1782743689614,1782743720733,31119,44,540,1.414,1.407,WM100,2
1782743722325,q1-1h-result-WM100,1,1782743717322,1782743722325,5003,43,3268,8.595,8.480,WM100,2
1782743723003,q2-1h-result-WM100,1,1782743718000,1782743723003,5003,69,4815,13.792,12.472,WM100,2
1782743723012,q2-6h-result-WM100,1,1782743716408,1782743723012,6604,30,1261,4.543,3.267,WM100,2
1782743724004,q2-1h-result-WM100,0,1782743719000,1782743724004,5004,99,5058,19.784,13.070,WM100,2
1782743725326,q1-1h-result-WM100,0,1782743720123,1782743725326,5203,48,3684,9.225,9.486,WM100,2
1782743725413,q2-6h-result-WM100,0,1782743715207,1782743725413,10206,20,1291,1.960,3.324,WM100,2
1782743727428,q1-1h-result-WM100,1,1782743722325,1782743727428,5103,45,3313,8.818,8.485,WM100,2
1782743728106,q2-1h-result-WM100,1,1782743723003,1782743728106,5103,66,4881,12.934,12.478,WM100,2
1782743728716,q2-6h-result-WM100,1,1782743723012,1782743728716,5704,30,1291,5.259,3.296,WM100,2
1782743729839,q3-1day-result-WM100,0,1782743720733,1782743729839,9106,74,3176,8.127,8.084,WM100,2
1782743729839,q3-1day-result-WM100,1,1782743720733,1782743729839,9106,88,3810,9.664,9.698,WM100,2
1782743730830,q1-1h-result-WM100,0,1782743725326,1782743730830,5504,48,3732,8.721,9.475,WM100,2
1782743731108,q2-1h-result-WM100,0,1782743724004,1782743731108,7104,91,5149,12.810,13.065,WM100,2
1782743732431,q1-1h-result-WM100,1,1782743727428,1782743732431,5003,47,3360,9.394,8.496,WM100,2
1782743733120,q2-6h-result-WM100,0,1782743725413,1782743733120,7707,10,1301,1.298,3.284,WM100,2
1782743733310,q2-1h-result-WM100,1,1782743728106,1782743733310,5204,84,4965,16.141,12.526,WM100,2
1782743735321,q2-6h-result-WM100,1,1782743728716,1782743735321,6605,30,1321,4.542,3.316,WM100,2
1782743735833,q1-1h-result-WM100,0,1782743730830,1782743735833,5003,48,3780,9.594,9.477,WM100,2
1782743736112,q2-1h-result-WM100,0,1782743731108,1782743736112,5004,95,5244,18.985,13.140,WM100,2
1782743737434,q1-1h-result-WM100,1,1782743732431,1782743737434,5003,45,3405,8.995,8.503,WM100,2
1782743738513,q2-1h-result-WM100,1,1782743733310,1782743738513,5203,65,5030,12.493,12.525,WM100,2
1782743738644,q3-1day-result-WM100,0,1782743729839,1782743738644,8805,74,3250,8.404,8.091,WM100,2
1782743738644,q3-1day-result-WM100,1,1782743729839,1782743738644,8805,88,3898,9.994,9.704,WM100,2
1782743740835,q1-1h-result-WM100,0,1782743735833,1782743740835,5002,48,3828,9.596,9.478,WM100,2
1782743740925,q2-6h-result-WM100,0,1782743733120,1782743740925,7805,20,1321,2.562,3.270,WM100,2
1782743741315,q2-1h-result-WM100,0,1782743736112,1782743741315,5203,88,5332,16.913,13.188,WM100,2
1782743742436,q1-1h-result-WM100,1,1782743737434,1782743742436,5002,45,3450,8.996,8.509,WM100,2
1782743743035,q3-global-result-WM100,0,1782743604544,1782743743035,138491,38,76,0.274,0.187,WM100,2
1782743743035,q3-global-result-WM100,1,1782743604544,1782743743035,138491,46,93,0.332,0.229,WM100,2
1782743743126,q2-6h-result-WM100,1,1782743735321,1782743743126,7805,31,1352,3.972,3.329,WM100,2
1782743743135,q2-global-result-WM100,1,1782743479270,1782743743135,263865,10,11,0.038,0.027,WM100,2
1782743745118,q2-1h-result-WM100,1,1782743738513,1782743745118,6605,43,5073,6.510,12.428,WM100,2
1782743745838,q1-1h-result-WM100,0,1782743740835,1782743745838,5003,48,3876,9.594,9.480,WM100,2
1782743746518,q2-1h-result-WM100,0,1782743741315,1782743746518,5203,115,5447,22.103,13.301,WM100,2
1782743746528,q2-6h-result-WM100,0,1782743740925,1782743746528,5603,30,1351,5.354,3.299,WM100,2
1782743747439,q1-1h-result-WM100,1,1782743742436,1782743747439,5003,43,3493,8.595,8.510,WM100,2
1782743747449,q3-1day-result-WM100,0,1782743738644,1782743747449,8805,74,3324,8.404,8.098,WM100,2
1782743747449,q3-1day-result-WM100,1,1782743738644,1782743747449,8805,88,3986,9.994,9.710,WM100,2
1782743750221,q2-1h-result-WM100,1,1782743745118,1782743750221,5103,57,5130,11.170,12.413,WM100,2
1782743750941,q1-1h-result-WM100,0,1782743745838,1782743750941,5103,48,3924,9.406,9.479,WM100,2
1782743751622,q2-1h-result-WM100,0,1782743746518,1782743751622,5104,74,5521,14.498,13.316,WM100,2
1782743752154,q3-7day-result-WM100,0,1782743720733,1782743752154,31421,37,485,1.178,1.168,WM100,2
1782743752154,q3-7day-result-WM100,1,1782743720733,1782743752154,31421,44,584,1.400,1.407,WM100,2
1782743752232,q2-6h-result-WM100,0,1782743746528,1782743752232,5704,40,1391,7.013,3.350,WM100,2
1782743753143,q1-1h-result-WM100,1,1782743747439,1782743753143,5704,44,3537,7.714,8.499,WM100,2
1782743755224,q2-1h-result-WM100,1,1782743750221,1782743755224,5003,77,5207,15.391,12.448,WM100,2
1782743755945,q1-1h-result-WM100,0,1782743750941,1782743755945,5004,48,3972,9.592,9.480,WM100,2
1782743756555,q3-1day-result-WM100,0,1782743747449,1782743756555,9106,74,3398,8.127,8.098,WM100,2
1782743756555,q3-1day-result-WM100,1,1782743747449,1782743756555,9106,88,4074,9.664,9.709,WM100,2
1782743756635,q2-6h-result-WM100,1,1782743743126,1782743756635,13509,10,1362,0.740,3.246,WM100,2
1782743757826,q2-1h-result-WM100,0,1782743751622,1782743757826,6204,94,5615,15.152,13.343,WM100,2
1782743758147,q1-1h-result-WM100,1,1782743753143,1782743758147,5004,45,3582,8.993,8.505,WM100,2
1782743760228,q2-1h-result-WM100,1,1782743755224,1782743760228,5004,71,5278,14.189,12.469,WM100,2
1782743760949,q1-1h-result-WM100,0,1782743755945,1782743760949,5004,48,4020,9.592,9.481,WM100,2
1782743763029,q2-1h-result-WM100,0,1782743757826,1782743763029,5203,82,5697,15.760,13.373,WM100,2
1782743763151,q1-1h-result-WM100,1,1782743758147,1782743763151,5004,46,3628,9.193,8.513,WM100,2
1782743763239,q2-6h-result-WM100,0,1782743752232,1782743763239,11007,30,1421,2.726,3.334,WM100,2
1782743765560,q3-1day-result-WM100,0,1782743756555,1782743765560,9005,74,3472,8.218,8.101,WM100,2
1782743765560,q3-1day-result-WM100,1,1782743756555,1782743765560,9005,88,4162,9.772,9.711,WM100,2
1782743765640,q2-6h-result-WM100,1,1782743756635,1782743765640,9005,40,1402,4.442,3.271,WM100,2
1782743765954,q1-1h-result-WM100,0,1782743760949,1782743765954,5005,46,4066,9.191,9.478,WM100,2
1782743766832,q2-1h-result-WM100,1,1782743760228,1782743766832,6604,53,5331,8.025,12.401,WM100,2
1782743768155,q1-1h-result-WM100,1,1782743763151,1782743768155,5004,46,3674,9.193,8.521,WM100,2
1782743769133,q2-1h-result-WM100,0,1782743763029,1782743769133,6104,103,5800,16.874,13.422,WM100,2
1782743771054,q1-1h-result-WM100,0,1782743765954,1782743771054,5100,44,4110,8.627,9.468,WM100,2
1782743772035,q2-1h-result-WM100,1,1782743766832,1782743772035,5203,92,5423,17.682,12.464,WM100,2
1782743772244,q2-6h-result-WM100,1,1782743765640,1782743772244,6604,40,1442,6.057,3.313,WM100,2
1782743773258,q1-1h-result-WM100,1,1782743768155,1782743773258,5103,46,3720,9.014,8.526,WM100,2
1782743774137,q2-1h-result-WM100,0,1782743769133,1782743774137,5004,85,5885,16.986,13.463,WM100,2
1782743774466,q3-1day-result-WM100,0,1782743765560,1782743774466,8906,74,3546,8.309,8.105,WM100,2
1782743774466,q3-1day-result-WM100,1,1782743765560,1782743774466,8906,90,4252,10.106,9.719,WM100,2
1782743776060,q1-1h-result-WM100,0,1782743771054,1782743776060,5006,48,4158,9.588,9.469,WM100,2
1782743777338,q2-1h-result-WM100,1,1782743772035,1782743777338,5303,96,5519,18.103,12.532,WM100,2
1782743777747,q2-6h-result-WM100,0,1782743763239,1782743777747,14508,20,1441,1.379,3.269,WM100,2
1782743778261,q1-1h-result-WM100,1,1782743773258,1782743778261,5003,46,3766,9.194,8.534,WM100,2
1782743778948,q2-6h-result-WM100,1,1782743772244,1782743778948,6704,40,1482,5.967,3.353,WM100,2
1782743780341,q2-1h-result-WM100,0,1782743774137,1782743780341,6204,63,5948,10.155,13.417,WM100,2
1782743781063,q1-1h-result-WM100,0,1782743776060,1782743781063,5003,48,4206,9.594,9.471,WM100,2
1782743782342,q2-1h-result-WM100,1,1782743777338,1782743782342,5004,72,5591,14.388,12.552,WM100,2
1782743783264,q1-1h-result-WM100,1,1782743778261,1782743783264,5003,46,3812,9.194,8.541,WM100,2
1782743783271,q3-1day-result-WM100,0,1782743774466,1782743783271,8805,74,3620,8.404,8.111,WM100,2
1782743783271,q3-1day-result-WM100,1,1782743774466,1782743783271,8805,90,4342,10.221,9.729,WM100,2
1782743783274,q3-7day-result-WM100,0,1782743752154,1782743783274,31120,37,522,1.189,1.170,WM100,2
1782743783274,q3-7day-result-WM100,1,1782743752154,1782743783274,31120,44,628,1.414,1.407,WM100,2
1782743783351,q2-6h-result-WM100,0,1782743777747,1782743783351,5604,20,1461,3.569,3.273,WM100,2
1782743785544,q2-1h-result-WM100,0,1782743780341,1782743785544,5203,74,6022,14.223,13.426,WM100,2
1782743786067,q1-1h-result-WM100,0,1782743781063,1782743786067,5004,48,4254,9.592,9.472,WM100,2
1782743787345,q2-1h-result-WM100,1,1782743782342,1782743787345,5003,71,5662,14.191,12.571,WM100,2
1782743788268,q1-1h-result-WM100,1,1782743783264,1782743788268,5004,43,3855,8.593,8.542,WM100,2
1782743790155,q2-6h-result-WM100,0,1782743783351,1782743790155,6804,40,1501,5.879,3.312,WM100,2
1782743790847,q2-1h-result-WM100,0,1782743785544,1782743790847,5303,101,6123,19.046,13.492,WM100,2
1782743791170,q1-1h-result-WM100,0,1782743786067,1782743791170,5103,48,4302,9.406,9.471,WM100,2
1782743791256,q2-6h-result-WM100,1,1782743778948,1782743791256,12308,20,1502,1.625,3.307,WM100,2
1782743792377,q3-1day-result-WM100,0,1782743783271,1782743792377,9106,74,3694,8.127,8.111,WM100,2
1782743792377,q3-1day-result-WM100,1,1782743783271,1782743792377,9106,90,4432,9.884,9.732,WM100,2
1782743793371,q1-1h-result-WM100,1,1782743788268,1782743793371,5103,41,3896,8.034,8.536,WM100,2
1782743794250,q2-1h-result-WM100,1,1782743787345,1782743794250,6905,72,5734,10.427,12.538,WM100,2
1782743795659,q2-6h-result-WM100,0,1782743790155,1782743795659,5504,10,1511,1.817,3.294,WM100,2
1782743795851,q2-1h-result-WM100,0,1782743790847,1782743795851,5004,73,6196,14.588,13.504,WM100,2
1782743796173,q1-1h-result-WM100,0,1782743791170,1782743796173,5003,48,4350,9.594,9.473,WM100,2
1782743796859,q2-6h-result-WM100,1,1782743791256,1782743796859,5603,30,1532,5.354,3.332,WM100,2
1782743798374,q1-1h-result-WM100,1,1782743793371,1782743798374,5003,46,3942,9.194,8.543,WM100,2
1782743800253,q2-1h-result-WM100,1,1782743794250,1782743800253,6003,97,5831,16.159,12.585,WM100,2
1782743800854,q2-1h-result-WM100,0,1782743795851,1782743800854,5003,79,6275,15.791,13.528,WM100,2
1782743801376,q1-1h-result-WM100,0,1782743796173,1782743801376,5203,48,4398,9.225,9.470,WM100,2
1782743801382,q3-1day-result-WM100,0,1782743792377,1782743801382,9005,74,3768,8.218,8.113,WM100,2
1782743801382,q3-1day-result-WM100,1,1782743792377,1782743801382,9005,90,4522,9.994,9.737,WM100,2
1782743801462,q2-6h-result-WM100,0,1782743795659,1782743801462,5803,20,1531,3.446,3.296,WM100,2
1782743803377,q1-1h-result-WM100,1,1782743798374,1782743803377,5003,46,3988,9.194,8.550,WM100,2
1782743804664,q2-6h-result-WM100,1,1782743796859,1782743804664,7805,20,1552,2.562,3.319,WM100,2
1782743805256,q2-1h-result-WM100,1,1782743800253,1782743805256,5003,75,5906,14.991,12.611,WM100,2
1782743806779,q1-1h-result-WM100,0,1782743801376,1782743806779,5403,48,4446,8.884,9.463,WM100,2
1782743807058,q2-1h-result-WM100,0,1782743800854,1782743807058,6204,71,6346,11.444,13.501,WM100,2
1782743808066,q2-6h-result-WM100,0,1782743801462,1782743808066,6604,20,1551,3.028,3.293,WM100,2
1782743808380,q1-1h-result-WM100,1,1782743803377,1782743808380,5003,46,4034,9.194,8.557,WM100,2
1782743810187,q3-1day-result-WM100,0,1782743801382,1782743810187,8805,74,3842,8.404,8.119,WM100,2
1782743810187,q3-1day-result-WM100,1,1782743801382,1782743810187,8805,90,4612,10.221,9.746,WM100,2
1782743811561,q2-1h-result-WM100,1,1782743805256,1782743811561,6305,96,6002,15.226,12.646,WM100,2
1782743811882,q1-1h-result-WM100,0,1782743806779,1782743811882,5103,48,4494,9.406,9.463,WM100,2
1782743812562,q2-1h-result-WM100,0,1782743807058,1782743812562,5504,46,6392,8.358,13.441,WM100,2
1782743813483,q1-1h-result-WM100,1,1782743808380,1782743813483,5103,46,4080,9.014,8.562,WM100,2
1782743813570,q2-6h-result-WM100,0,1782743808066,1782743813570,5504,40,1591,7.267,3.338,WM100,2
1782743814694,q3-7day-result-WM100,0,1782743783274,1782743814694,31420,37,559,1.178,1.170,WM100,2
1782743814694,q3-7day-result-WM100,1,1782743783274,1782743814694,31420,45,673,1.432,1.409,WM100,2
1782743816885,q1-1h-result-WM100,0,1782743811882,1782743816885,5003,48,4542,9.594,9.464,WM100,2
1782743816964,q2-1h-result-WM100,1,1782743811561,1782743816964,5403,67,6069,12.401,12.643,WM100,2
1782743816972,q2-6h-result-WM100,1,1782743804664,1782743816972,12308,20,1572,1.625,3.275,WM100,2
1782743817565,q2-1h-result-WM100,0,1782743812562,1782743817565,5003,105,6497,20.987,13.520,WM100,2
1782743818487,q1-1h-result-WM100,1,1782743813483,1782743818487,5004,46,4126,9.193,8.569,WM100,2
1782743819093,q3-1day-result-WM100,0,1782743810187,1782743819093,8906,74,3916,8.309,8.122,WM100,2
1782743819093,q3-1day-result-WM100,1,1782743810187,1782743819093,8906,90,4702,10.106,9.752,WM100,2
1782743819174,q2-6h-result-WM100,0,1782743813570,1782743819174,5604,30,1621,5.353,3.362,WM100,2
1782743821889,q1-1h-result-WM100,0,1782743816885,1782743821889,5004,48,4590,9.592,9.465,WM100,2
1782743821967,q2-1h-result-WM100,1,1782743816964,1782743821967,5003,87,6156,17.390,12.692,WM100,2
1782743822568,q2-1h-result-WM100,0,1782743817565,1782743822568,5003,76,6573,15.191,13.537,WM100,2
1782743823490,q1-1h-result-WM100,1,1782743818487,1782743823490,5003,46,4172,9.194,8.575,WM100,2
1782743823577,q2-6h-result-WM100,1,1782743816972,1782743823577,6605,20,1592,3.028,3.272,WM100,2
1782743826892,q1-1h-result-WM100,0,1782743821889,1782743826892,5003,48,4638,9.594,9.467,WM100,2
1782743826971,q2-1h-result-WM100,1,1782743821967,1782743826971,5004,82,6238,16.387,12.730,WM100,2
1782743827971,q2-1h-result-WM100,0,1782743822568,1782743827971,5403,57,6630,10.550,13.504,WM100,2
1782743828098,q3-1day-result-WM100,0,1782743819093,1782743828098,9005,74,3990,8.218,8.124,WM100,2
1782743828098,q3-1day-result-WM100,1,1782743819093,1782743828098,9005,90,4792,9.994,9.757,WM100,2
1782743828180,q2-6h-result-WM100,0,1782743819174,1782743828180,9006,20,1641,2.221,3.341,WM100,2
1782743829094,q1-1h-result-WM100,1,1782743823490,1782743829094,5604,43,4215,7.673,8.565,WM100,2
1782743830381,q2-6h-result-WM100,1,1782743823577,1782743830381,6804,30,1622,4.409,3.288,WM100,2
1782743831995,q1-1h-result-WM100,0,1782743826892,1782743831995,5103,48,4686,9.406,9.466,WM100,2
1782743832074,q2-1h-result-WM100,1,1782743826971,1782743832074,5103,94,6332,18.421,12.788,WM100,2
1782743833875,q2-1h-result-WM100,0,1782743827971,1782743833875,5904,55,6685,9.316,13.454,WM100,2
1782743834133,q1-1h-result-WM100,1,1782743829094,1782743834133,5039,46,4261,9.129,8.571,WM100,2
1782743834884,q2-6h-result-WM100,0,1782743828180,1782743834884,6704,20,1661,2.983,3.336,WM100,2
1782743837198,q1-1h-result-WM100,0,1782743831995,1782743837198,5203,48,4734,9.225,9.463,WM100,2
1782743837203,q3-1day-result-WM100,0,1782743828098,1782743837203,9105,74,4064,8.127,8.124,WM100,2
1782743837203,q3-1day-result-WM100,1,1782743828098,1782743837203,9105,89,4881,9.775,9.757,WM100,2
1782743838678,q2-1h-result-WM100,1,1782743832074,1782743838678,6604,78,6410,11.811,12.775,WM100,2
1782743838878,q2-1h-result-WM100,0,1782743833875,1782743838878,5003,81,6766,16.190,13.482,WM100,2
1782743839175,q1-1h-result-WM100,1,1782743834133,1782743839175,5042,46,4307,9.123,8.576,WM100,2
1782743840487,q2-6h-result-WM100,0,1782743834884,1782743840487,5603,40,1701,7.139,3.378,WM100,2
1782743841688,q2-6h-result-WM100,1,1782743830381,1782743841688,11307,20,1642,1.769,3.254,WM100,2
1782743842605,q1-1h-result-WM100,0,1782743837198,1782743842605,5407,48,4782,8.877,9.457,WM100,2
1782743843681,q2-1h-result-WM100,1,1782743838678,1782743843681,5003,62,6472,12.393,12.772,WM100,2
1782743843882,q2-1h-result-WM100,0,1782743838878,1782743843882,5004,81,6847,16.187,13.508,WM100,2
1782743844206,q1-1h-result-WM100,1,1782743839175,1782743844206,5031,46,4353,9.143,8.582,WM100,2
1782743845808,q3-1day-result-WM100,0,1782743837203,1782743845808,8605,74,4138,8.600,8.132,WM100,2
1782743845808,q3-1day-result-WM100,1,1782743837203,1782743845808,8605,90,4971,10.459,9.769,WM100,2
1782743845813,q3-7day-result-WM100,0,1782743814694,1782743845813,31119,37,596,1.189,1.171,WM100,2
1782743845813,q3-7day-result-WM100,1,1782743814694,1782743845813,31119,45,718,1.446,1.411,WM100,2
1782743847608,q1-1h-result-WM100,0,1782743842605,1782743847608,5003,48,4830,9.594,9.459,WM100,2
1782743848292,q2-6h-result-WM100,0,1782743840487,1782743848292,7805,10,1711,1.281,3.346,WM100,2
1782743848685,q2-1h-result-WM100,1,1782743843681,1782743848685,5004,76,6548,15.188,12.795,WM100,2
1782743848885,q2-1h-result-WM100,0,1782743843882,1782743848885,5003,67,6914,13.392,13.507,WM100,2
1782743849210,q1-1h-result-WM100,1,1782743844206,1782743849210,5004,46,4399,9.193,8.588,WM100,2
1782743849293,q2-6h-result-WM100,1,1782743841688,1782743849293,7605,40,1682,5.260,3.283,WM100,2
1782743852709,q1-1h-result-WM100,0,1782743847608,1782743852709,5101,48,4878,9.410,9.458,WM100,2
1782743853788,q2-1h-result-WM100,1,1782743848685,1782743853788,5103,83,6631,16.265,12.829,WM100,2
1782743854313,q1-1h-result-WM100,1,1782743849210,1782743854313,5103,46,4445,9.014,8.592,WM100,2
1782743854789,q2-1h-result-WM100,0,1782743848885,1782743854789,5904,76,6990,12.873,13.500,WM100,2
1782743854916,q3-1day-result-WM100,0,1782743845808,1782743854916,9108,74,4212,8.125,8.132,WM100,2
1782743854916,q3-1day-result-WM100,1,1782743845808,1782743854916,9108,90,5061,9.881,9.771,WM100,2
1782743854997,q2-6h-result-WM100,0,1782743848292,1782743854997,6705,20,1731,2.983,3.342,WM100,2
1782743857712,q1-1h-result-WM100,0,1782743852709,1782743857712,5003,48,4926,9.594,9.459,WM100,2
1782743859191,q2-1h-result-WM100,1,1782743853788,1782743859191,5403,86,6717,15.917,12.861,WM100,2
1782743859514,q1-1h-result-WM100,1,1782743854313,1782743859514,5201,46,4491,8.844,8.594,WM100,2
1782743859600,q2-6h-result-WM100,1,1782743849293,1782743859600,10307,30,1712,2.911,3.276,WM100,2
1782743860793,q2-1h-result-WM100,0,1782743854789,1782743860793,6004,65,7055,10.826,13.469,WM100,2
1782743861602,q2-6h-result-WM100,0,1782743854997,1782743861602,6605,30,1761,4.542,3.357,WM100,2
1782743862716,q1-1h-result-WM100,0,1782743857712,1782743862716,5004,48,4974,9.592,9.461,WM100,2
1782743863923,q3-1day-result-WM100,0,1782743854916,1782743863923,9007,74,4286,8.216,8.133,WM100,2
1782743863923,q3-1day-result-WM100,1,1782743854916,1782743863923,9007,90,5151,9.992,9.775,WM100,2
1782743864918,q1-1h-result-WM100,1,1782743859514,1782743864918,5404,44,4535,8.142,8.590,WM100,2
1782743865196,q2-1h-result-WM100,1,1782743859191,1782743865196,6005,74,6791,12.323,12.855,WM100,2
1782743866196,q2-1h-result-WM100,0,1782743860793,1782743866196,5403,66,7121,12.215,13.457,WM100,2
1782743867205,q2-6h-result-WM100,1,1782743859600,1782743867205,7605,30,1742,3.945,3.286,WM100,2
1782743867719,q1-1h-result-WM100,0,1782743862716,1782743867719,5003,48,5022,9.594,9.462,WM100,2
1782743869922,q1-1h-result-WM100,1,1782743864918,1782743869922,5004,46,4581,9.193,8.595,WM100,2
1782743870199,q2-1h-result-WM100,1,1782743865196,1782743870199,5003,88,6879,17.589,12.900,WM100,2
1782743870607,q2-6h-result-WM100,0,1782743861602,1782743870607,9005,20,1781,2.221,3.338,WM100,2
1782743872300,q2-1h-result-WM100,0,1782743866196,1782743872300,6104,99,7220,16.219,13.488,WM100,2
1782743872824,q1-1h-result-WM100,0,1782743867719,1782743872824,5105,48,5070,9.403,9.461,WM100,2
1782743872828,q3-1day-result-WM100,0,1782743863923,1782743872828,8905,74,4360,8.310,8.136,WM100,2
1782743872828,q3-1day-result-WM100,1,1782743863923,1782743872828,8905,90,5241,10.107,9.780,WM100,2
1782743872908,q2-6h-result-WM100,1,1782743867205,1782743872908,5703,30,1772,5.260,3.307,WM100,2
1782743875026,q1-1h-result-WM100,1,1782743869922,1782743875026,5104,46,4627,9.013,8.599,WM100,2
1782743875502,q2-1h-result-WM100,1,1782743870199,1782743875502,5303,75,6954,14.143,12.912,WM100,2
1782743876111,q2-6h-result-WM100,0,1782743870607,1782743876111,5504,10,1791,1.817,3.322,WM100,2
