ts,rank,origin_airport_id,num_flights,severe_delays,dep_delay_mean,dep_delay_max,delayed_flights
2025-04-27 06:00:00,1,14771,52,10,17.13,276.00,"[(UA,11292,276.00), (OO,13964,72.00), (OO,14679,72.00), (OO,13891,58.00), (UA,11298,46.00), (WN,11292,45.00), (OO,10157,41.00), (OO,10713,37.00), (UA,11603,36.00), (UA,10721,33.00)]"
2025-04-27 06:00:00,10,14747,56,4,5.52,122.00,"[(AS,13486,122.00), (AS,12758,97.00), (AS,12478,57.00), (AS,13930,51.00)]"
2025-04-27 06:00:00,2,11057,70,10,7.43,101.00,"[(AA,12451,101.00), (AA,14635,87.00), (F9,13930,72.00), (MQ,12124,66.00), (AA,15304,65.00), (OH,15370,50.00), (OH,12197,44.00), (AA,10529,41.00), (OH,13296,37.00), (AA,11298,32.00)]"
2025-04-27 06:00:00,3,11292,113,9,4.35,126.00,"[(OO,12217,126.00), (UA,14908,102.00), (UA,14771,80.00), (OO,14794,65.00), (WN,15304,53.00), (F9,13244,45.00), (WN,14122,44.00), (UA,10140,32.00), (UA,10800,31.00)]"
2025-04-27 06:00:00,4,11298,70,7,10.79,385.00,"[(AA,15412,385.00), (AA,12889,92.00), (AA,10721,66.00), (AA,11433,61.00), (AA,14057,59.00), (DL,10721,50.00), (AA,14524,45.00)]"
2025-04-27 06:00:00,5,10397,87,7,5.97,188.00,"[(DL,10800,188.00), (OO,13277,150.00), (DL,14107,78.00), (DL,11066,52.00), (DL,15304,49.00), (DL,15016,38.00), (WN,12191,31.00)]"
2025-04-27 06:00:00,6,11618,32,6,7.53,50.00,"[(UA,12266,50.00), (UA,12892,48.00), (UA,13204,46.00), (UA,15304,43.00), (G4,15624,40.00), (AA,14107,34.00)]"
2025-04-27 06:00:00,7,13930,91,6,-0.79,51.00,"[(DL,10721,51.00), (MQ,14492,46.00), (AA,12953,43.00), (MQ,12278,43.00), (UA,11618,38.00), (AA,11278,33.00)]"
2025-04-27 06:00:00,8,14107,58,5,5.02,117.00,"[(F9,10397,117.00), (AA,11884,98.00), (F9,14747,82.00), (AA,11603,41.00), (AA,14262,33.00)]"
2025-04-27 06:00:00,9,14100,40,4,5.98,155.00,"[(AA,14321,155.00), (AA,14107,92.00), (OH,10785,38.00), (AA,14492,37.00)]"
2025-04-27 12:00:00,1,11298,301,43,9.08,202.00,"[(AA,11618,202.00), (MQ,13198,152.00), (NK,15304,137.00), (AA,12889,132.00), (AA,14193,119.00), (AA,13577,118.00), (AA,14679,101.00), (AA,10693,97.00), (MQ,12896,78.00), (AA,11066,77.00), (AA,12892,77.00), (NK,10821,76.00), (AA,11042,75.00), (MQ,14683,74.00), (AA,13342,72.00), (MQ,14683,71.00), (AA,15016,70.00), (MQ,11867,67.00), (AA,11057,66.00), (AA,11003,63.00)]"
2025-04-27 12:00:00,10,14679,95,17,14.99,142.00,"[(UA,11618,142.00), (WN,14893,123.00), (WN,12889,102.00), (AA,11298,93.00), (AA,11298,84.00), (OO,11638,82.00), (WN,14893,76.00), (OO,13476,73.00), (UA,12266,60.00), (WN,12889,52.00), (WN,14831,45.00), (WN,13796,45.00), (DL,12478,42.00), (OO,14893,41.00), (WN,12173,41.00), (WN,11292,34.00), (OO,10423,31.00)]"
2025-04-27 12:00:00,2,11292,306,41,13.69,392.00,"[(UA,11618,392.00), (UA,13204,375.00), (UA,11618,234.00), (UA,13303,223.00), (UA,13930,206.00), (OO,11921,184.00), (OO,13158,177.00), (OO,12902,170.00), (WN,14679,126.00), (OO,13851,109.00), (UA,12953,103.00), (OO,11865,92.00), (UA,11618,92.00), (OO,11315,82.00), (F9,14771,82.00), (OO,10627,80.00), (WN,11109,72.00), (OO,14262,65.00), (WN,13204,64.00), (WN,13487,62.00)]"
2025-04-27 12:00:00,3,14107,206,36,12.79,200.00,"[(AA,11618,200.00), (AA,10423,181.00), (AA,14683,160.00), (AA,14771,132.00), (AA,13198,116.00), (AA,10423,116.00), (AA,12892,101.00), (DL,10397,83.00), (WN,14679,78.00), (UA,13930,65.00), (DL,14869,64.00), (WN,13232,62.00), (WN,14771,59.00), (F9,12892,57.00), (AA,14689,56.00), (AA,12889,54.00), (AA,13303,54.00), (WN,14679,52.00), (AA,11603,50.00), (G4,15412,49.00)]"
2025-04-27 12:00:00,4,12892,165,35,16.35,244.00,"[(DL,14747,244.00), (AS,11278,216.00), (AA,12478,145.00), (DL,12173,136.00), (DL,12173,126.00), (AA,14771,125.00), (DL,11433,118.00), (DL,13830,114.00), (AA,13303,109.00), (F9,14747,107.00), (UA,11618,101.00), (F9,12266,95.00), (WN,12889,85.00), (F9,13204,81.00), (G4,15919,77.00), (AA,15016,77.00), (OO,14893,67.00), (OO,15376,63.00), (AA,10721,58.00), (AA,14107,55.00)]"
2025-04-27 12:00:00,5,12889,202,33,15.84,199.00,"[(UA,13930,199.00), (F9,14869,159.00), (UA,11618,149.00), (UA,11618,136.00), (AA,11298,126.00), (WN,13342,105.00), (WN,13232,94.00), (AA,11298,87.00), (G4,11980,85.00), (WN,13871,83.00), (WN,15016,80.00), (WN,12278,78.00), (WN,14730,75.00), (WN,15304,63.00), (WN,12339,59.00), (WN,12892,58.00), (WN,13851,55.00), (WN,11292,50.00), (WN,13796,50.00), (WN,11259,50.00)]"
2025-04-27 12:00:00,6,10397,308,31,7.86,315.00,"[(DL,11618,315.00), (UA,11618,263.00), (OO,14814,239.00), (OO,14696,138.00), (DL,11042,135.00), (OO,11146,96.00), (DL,10257,95.00), (WN,14122,93.00), (DL,12953,82.00), (DL,12953,76.00), (OO,10980,73.00), (F9,12264,71.00), (DL,14635,67.00), (YX,13930,61.00), (DL,13891,58.00), (DL,12451,57.00), (WN,12339,56.00), (AS,14747,54.00), (DL,12478,52.00), (F9,14100,51.00)]"
2025-04-27 12:00:00,7,13930,300,23,7.34,281.00,"[(OO,11003,281.00), (UA,11618,254.00), (UA,11292,225.00), (OO,11986,192.00), (OO,12945,153.00), (YX,13931,143.00), (AA,12953,120.00), (AA,13198,108.00), (YX,14730,107.00), (UA,13198,88.00), (UA,11193,69.00), (AA,12953,68.00), (OO,13367,66.00), (OO,11637,64.00), (AA,11292,63.00), (UA,11042,63.00), (UA,12339,61.00), (AA,11278,58.00), (AS,14747,56.00), (OO,13029,52.00)]"
2025-04-27 12:00:00,8,11278,157,21,9.55,224.00,"[(OH,12278,224.00), (OH,10994,223.00), (B6,14027,128.00), (OH,14193,106.00), (OH,15016,94.00), (AA,14107,79.00), (OH,10792,76.00), (AA,10721,56.00), (YX,12478,54.00), (OH,15096,53.00), (OH,11267,53.00), (WN,13495,50.00), (DL,11433,49.00), (YX,14321,43.00), (OH,10257,41.00), (YX,14730,41.00), (AA,11298,40.00), (UA,12266,39.00), (OH,13244,36.00), (OH,15096,36.00)]"
2025-04-27 12:00:00,9,10721,153,18,6.73,225.00,"[(UA,11618,225.00), (AA,14107,134.00), (NK,13577,68.00), (B6,14771,64.00), (B6,12953,57.00), (AA,11298,56.00), (G4,14986,54.00), (DL,11298,51.00), (B6,11697,49.00), (YX,14730,48.00), (DL,14747,43.00), (YX,10821,42.00), (NK,14635,42.00), (B6,10792,41.00), (B6,12478,34.00), (YX,14492,34.00), (WN,11259,33.00), (AA,11057,32.00)]"
2025-04-27 18:00:00,1,11292,243,47,18.42,660.00,"[(OO,14812,660.00), (OO,11109,192.00), (OO,14783,182.00), (UA,15016,176.00), (WN,13930,126.00), (WN,11042,115.00), (UA,13891,114.00), (WN,14107,109.00), (OO,11921,90.00), (UA,14771,88.00), (WN,13204,85.00), (UA,12889,81.00), (UA,14869,80.00), (WN,11423,68.00), (OO,10372,62.00), (UA,14771,61.00), (WN,12278,61.00), (F9,14107,60.00), (WN,14057,57.00), (WN,11259,54.00)]"
2025-04-27 18:00:00,10,12892,147,23,7.62,139.00,"[(F9,10397,139.00), (DL,12889,101.00), (AA,14107,86.00), (AA,12173,70.00), (F9,14107,66.00), (F9,14771,62.00), (DL,10397,61.00), (WN,14893,56.00), (DL,12478,53.00), (OO,15376,49.00), (DL,14771,49.00), (DL,13495,48.00), (AA,13303,46.00), (UA,14771,42.00), (DL,14057,39.00), (OO,11540,39.00), (WN,14831,39.00), (HA,12173,38.00), (OO,14771,37.00), (DL,12478,35.00)]"
2025-04-27 18:00:00,2,13930,256,43,15.30,322.00,"[(F9,15304,322.00), (UA,11618,216.00), (UA,10721,161.00), (UA,11278,150.00), (AA,11618,138.00), (NK,11618,131.00), (UA,15412,125.00), (UA,13230,123.00), (OO,14633,108.00), (AA,11298,103.00), (UA,11193,98.00), (UA,11618,94.00), (AA,11278,86.00), (YX,13851,83.00), (OO,13342,83.00), (UA,10423,83.00), (YX,15096,80.00), (UA,13871,75.00), (UA,10785,73.00), (MQ,10685,71.00)]"
2025-04-27 18:00:00,3,11298,273,40,16.01,682.00,"[(OH,12278,682.00), (MQ,13290,202.00), (MQ,12191,197.00), (AA,11423,190.00), (AA,11540,178.00), (AA,10994,161.00), (UA,11292,147.00), (UA,11618,139.00), (AA,13303,104.00), (AA,10529,102.00), (AA,14683,98.00), (AA,11292,96.00), (AA,10140,92.00), (OO,11413,73.00), (F9,13303,70.00), (AA,14635,69.00), (AA,11278,68.00), (AA,11697,66.00), (AA,12896,65.00), (AA,14771,59.00)]"
2025-04-27 18:00:00,4,12889,146,35,17.79,164.00,"[(WN,10423,164.00), (G4,10666,141.00), (UA,11618,120.00), (WN,10792,103.00), (WN,13487,96.00), (WN,11109,85.00), (WN,10397,82.00), (WN,14107,67.00), (WN,10800,61.00), (WN,14107,60.00), (AA,11298,58.00), (F9,11042,55.00), (WN,14747,51.00), (WN,11884,50.00), (WN,12892,50.00), (AS,14747,49.00), (HA,12173,48.00), (WN,13796,48.00), (F9,14679,44.00), (WN,13796,43.00)]"
2025-04-27 18:00:00,5,10397,292,32,9.36,266.00,"[(F9,14492,266.00), (OO,14814,188.00), (UA,11618,150.00), (DL,11618,114.00), (F9,12892,113.00), (F9,15304,108.00), (DL,11618,98.00), (DL,14027,97.00), (F9,13204,92.00), (DL,13931,91.00), (NK,13495,89.00), (F9,11618,85.00), (F9,12478,75.00), (DL,14908,70.00), (OO,10980,67.00), (DL,15096,64.00), (AA,11298,60.00), (F9,11697,56.00), (NK,11618,51.00), (DL,13204,50.00)]"
2025-04-27 18:00:00,6,11278,95,31,25.26,241.00,"[(B6,11697,241.00), (OH,10693,233.00), (OH,11042,170.00), (OH,14193,156.00), (YX,12478,122.00), (AA,11298,120.00), (OH,12197,114.00), (YX,14122,86.00), (OH,15096,69.00), (AA,10721,65.00), (OH,13296,64.00), (OH,15249,58.00), (OH,10792,53.00), (OH,11193,50.00), (AA,13930,49.00), (OH,11995,45.00), (YX,12339,45.00), (OH,15016,44.00), (OH,10208,43.00), (WN,10397,42.00)]"
2025-04-27 18:00:00,7,11618,70,30,53.26,327.00,"[(DL,10397,327.00), (UA,11042,235.00), (B6,14843,208.00), (DL,13487,200.00), (UA,15304,194.00), (B6,11697,174.00), (UA,14986,173.00), (UA,13495,166.00), (AS,14771,155.00), (YX,12264,149.00), (UA,13931,139.00), (UA,11697,136.00), (UA,10792,126.00), (UA,14107,110.00), (UA,12451,107.00), (F9,10397,103.00), (UA,12266,101.00), (UA,13204,94.00), (B6,13204,90.00), (UA,10994,74.00)]"
2025-04-27 18:00:00,8,11057,199,29,11.03,177.00,"[(AA,14771,177.00), (AA,12953,177.00), (AA,11618,158.00), (UA,11618,150.00), (AA,11618,127.00), (AA,10994,121.00), (OH,15412,84.00), (OH,12197,77.00), (AA,14869,74.00), (AA,13487,74.00), (AA,13930,70.00), (AA,12478,65.00), (AA,11298,65.00), (MQ,14783,61.00), (AA,14524,58.00), (NK,12953,57.00), (AA,14908,54.00), (OH,11267,51.00), (AA,15919,46.00), (AA,13198,45.00)]"
2025-04-27 18:00:00,9,13303,116,26,19.32,143.00,"[(AA,15016,143.00), (AA,13204,137.00), (UA,11618,129.00), (AA,13495,124.00), (AA,13204,124.00), (AA,12478,116.00), (AA,10721,115.00), (UA,11618,111.00), (AA,14524,102.00), (NK,12953,95.00), (AA,12892,94.00), (AA,13930,89.00), (AA,13487,88.00), (AA,15304,88.00), (NK,11298,86.00), (AA,14679,86.00), (AA,12953,62.00), (DL,10397,45.00), (AA,11298,43.00), (AA,11042,36.00)]"
2025-04-28 06:00:00,1,11292,319,26,4.58,196.00,"[(UA,13930,196.00), (F9,11433,188.00), (OO,14457,135.00), (OO,14794,112.00), (OO,11413,106.00), (OO,13158,95.00), (OO,13476,94.00), (DL,14747,93.00), (UA,13930,90.00), (OO,11097,90.00), (OO,11921,88.00), (UA,11057,84.00), (OO,11775,75.00), (OO,13851,61.00), (UA,13204,54.00), (OO,14457,45.00), (AA,11298,42.00), (AA,14100,40.00), (WN,10693,38.00), (UA,13930,37.00)]"
2025-04-28 06:00:00,10,14869,123,11,2.86,218.00,"[(DL,11292,218.00), (DL,14893,96.00), (DL,10397,88.00), (DL,12889,70.00), (DL,12954,66.00), (DL,12892,57.00), (OO,14252,40.00), (OO,13127,37.00), (DL,13198,35.00), (DL,10423,32.00), (DL,10397,31.00)]"
2025-04-28 06:00:00,2,11298,296,20,3.82,469.00,"[(AA,10140,469.00), (MQ,11921,193.00), (AA,11433,190.00), (OH,12448,162.00), (NK,10397,104.00), (AA,14908,71.00), (AA,12173,66.00), (AA,13871,61.00), (OO,14674,55.00), (AA,14027,53.00), (AA,11066,52.00), (AA,10849,50.00), (AA,14683,47.00), (AA,13198,46.00), (AA,11697,45.00), (MQ,13198,40.00), (MQ,14193,35.00), (AA,14843,33.00), (AA,13204,32.00), (AA,11292,31.00)]"
2025-04-28 06:00:00,3,13487,125,15,8.64,297.00,"[(OO,13459,297.00), (DL,14747,139.00), (AS,14747,135.00), (DL,14685,119.00), (DL,13930,112.00), (OO,10423,101.00), (DL,11648,99.00), (WN,14107,76.00), (OO,12129,56.00), (DL,14869,51.00), (DL,15624,50.00), (WN,13232,50.00), (YX,13930,44.00), (OO,14520,40.00), (AA,11057,31.00)]"
2025-04-28 06:00:00,4,14747,185,15,3.97,161.00,"[(DL,11697,161.00), (DL,12478,102.00), (OO,14771,83.00), (AS,10693,64.00), (F9,11292,63.00), (AS,11298,60.00), (AS,10713,52.00), (OO,14057,51.00), (AS,12758,45.00), (AS,12266,44.00), (AS,12982,42.00), (AS,14122,40.00), (AS,11193,38.00), (AS,12173,35.00), (AS,12889,31.00)]"
2025-04-28 06:00:00,5,14107,238,14,4.23,364.00,"[(WN,10397,364.00), (AA,13891,155.00), (OO,14771,117.00), (WN,13342,99.00), (WN,12191,81.00), (OO,11695,80.00), (WN,13796,73.00), (AA,13342,55.00), (AA,11057,49.00), (AA,11603,41.00), (AA,12892,39.00), (WN,13871,36.00), (HA,12173,36.00), (DL,10721,31.00)]"
2025-04-28 06:00:00,6,12892,213,13,5.32,370.00,"[(DL,12478,370.00), (NK,14747,368.00), (DL,12478,287.00), (AA,11298,102.00), (AA,10721,83.00), (DL,10397,70.00), (AA,13303,62.00), (WN,14771,58.00), (OO,14679,50.00), (WN,14893,45.00), (DL,14869,34.00), (AA,12339,34.00), (OO,14831,32.00)]"
2025-04-28 06:00:00,7,14771,169,12,1.38,120.00,"[(OO,14107,120.00), (OO,14747,85.00), (AA,14107,65.00), (HA,13830,63.00), (WN,14679,58.00), (OO,10849,53.00), (UA,10721,53.00), (B6,10721,49.00), (B6,11697,46.00), (OO,14698,44.00), (OO,14689,38.00), (B6,10721,33.00)]"
2025-04-28 06:00:00,8,11278,164,12,-0.10,138.00,"[(AS,12892,138.00), (AA,14307,104.00), (AA,14307,77.00), (OH,10599,75.00), (AA,13930,74.00), (AA,15304,58.00), (YX,12953,54.00), (OH,13495,41.00), (AA,14986,40.00), (WN,13232,35.00), (WN,11259,33.00), (YX,11193,32.00)]"
2025-04-28 06:00:00,9,13930,341,12,-0.95,176.00,"[(OO,11337,176.00), (AA,14683,119.00), (OO,14108,111.00), (MQ,10792,104.00), (UA,11433,81.00), (MQ,12884,78.00), (MQ,13851,56.00), (MQ,11995,46.00), (UA,10423,46.00), (AA,14679,43.00), (AA,14057,43.00), (NK,14843,35.00)]"
2025-04-28 12:00:00,1,11618,85,42,115.73,1066.00,"[(YX,10721,1066.00), (DL,10397,987.00), (DL,11433,539.00), (DL,10397,531.00), (UA,13930,511.00), (UA,13204,397.00), (AS,14057,367.00), (UA,14679,298.00), (UA,14107,269.00), (AS,14771,267.00), (AS,14679,261.00), (NK,11057,255.00), (UA,14635,247.00), (UA,11057,221.00), (UA,11042,221.00), (UA,14771,207.00), (AS,14747,207.00), (UA,14635,197.00), (UA,11292,188.00), (NK,13303,185.00)]"
2025-04-28 12:00:00,10,14747,140,21,12.74,431.00,"[(AA,11298,431.00), (NK,12892,370.00), (OO,14489,115.00), (DL,14869,75.00), (AS,11292,70.00), (OO,13264,67.00), (AS,14679,66.00), (OO,14908,63.00), (OO,14057,60.00), (OO,14107,60.00), (OO,14893,59.00), (AS,11630,48.00), (OO,10713,47.00), (AS,10299,41.00), (AS,14869,40.00), (DL,12758,39.00), (DL,13487,39.00), (OO,14771,36.00), (DL,12478,35.00), (AS,13930,33.00)]"
2025-04-28 12:00:00,2,11298,303,39,10.40,377.00,"[(AA,11618,377.00), (AA,14107,285.00), (UA,11618,256.00), (AA,11540,206.00), (AA,12889,188.00), (AA,13256,184.00), (OO,13256,179.00), (AA,10423,150.00), (AA,11042,140.00), (AA,11003,111.00), (AA,12892,102.00), (AA,11423,90.00), (NK,14843,90.00), (AA,13204,88.00), (AA,14193,87.00), (MQ,11066,83.00), (AA,15016,69.00), (AA,11066,64.00), (AA,14679,61.00), (AA,12266,59.00)]"
2025-04-28 12:00:00,3,11292,313,38,13.07,301.00,"[(UA,13204,301.00), (UA,11109,215.00), (UA,13930,177.00), (OO,11637,173.00), (UA,11618,172.00), (DL,14869,166.00), (UA,13931,151.00), (OO,16869,142.00), (OO,14869,111.00), (UA,10423,108.00), (OO,14543,107.00), (UA,11775,104.00), (OO,11921,100.00), (OO,11413,92.00), (OO,11468,92.00), (UA,11618,88.00), (UA,12758,85.00), (OO,12255,81.00), (F9,14683,76.00), (UA,14747,73.00)]"
2025-04-28 12:00:00,4,14107,215,34,15.59,332.00,"[(AS,14747,332.00), (AA,13485,305.00), (AA,13495,218.00), (UA,11618,185.00), (OO,10140,147.00), (WN,11042,131.00), (AA,12478,123.00), (OO,15376,123.00), (WN,13232,117.00), (AA,15304,106.00), (AA,12889,103.00), (DL,14869,99.00), (OO,11695,93.00), (WN,10140,89.00), (WN,11109,79.00), (OO,11423,77.00), (OO,14747,72.00), (WN,11884,58.00), (WN,10693,54.00), (AA,11618,52.00)]"
2025-04-28 12:00:00,5,13930,301,31,9.07,501.00,"[(F9,13204,501.00), (UA,11618,402.00), (UA,11618,257.00), (UA,14679,256.00), (OO,13871,213.00), (WN,10821,104.00), (UA,11292,94.00), (UA,14771,84.00), (AA,12953,81.00), (UA,13487,79.00), (YX,11423,77.00), (DL,13487,74.00), (OO,11066,69.00), (AA,10423,67.00), (UA,14771,62.00), (OO,13342,62.00), (UA,14747,59.00), (UA,12264,51.00), (AA,11057,50.00), (MQ,15919,48.00)]"
2025-04-28 12:00:00,6,11278,156,25,10.22,292.00,"[(AS,14747,292.00), (WN,11259,148.00), (WN,14307,143.00), (YX,10994,127.00), (AA,10721,122.00), (AS,14057,111.00), (DL,13204,100.00), (YX,14730,82.00), (OH,11042,71.00), (AA,10721,70.00), (AA,14122,65.00), (YX,12953,60.00), (WN,15304,55.00), (WN,12889,53.00), (YX,10721,52.00), (YX,14100,51.00), (AA,10529,47.00), (YX,10397,45.00), (OH,13577,44.00), (YX,14307,40.00)]"
2025-04-28 12:00:00,7,10397,309,23,7.25,481.00,"[(NK,11618,481.00), (DL,11618,471.00), (DL,11618,239.00), (UA,11618,176.00), (DL,12451,109.00), (DL,14730,92.00), (DL,10529,87.00), (DL,10423,74.00), (OO,13277,71.00), (DL,10821,61.00), (DL,13577,59.00), (WN,13232,57.00), (WN,11259,51.00), (OO,14814,49.00), (DL,10423,48.00), (AA,11298,48.00), (DL,11278,39.00), (DL,12892,37.00), (F9,12889,37.00), (DL,11193,36.00)]"
2025-04-28 12:00:00,8,13487,95,22,17.84,369.00,"[(DL,11618,369.00), (DL,11433,92.00), (UA,11292,87.00), (OO,10739,74.00), (DL,15016,66.00), (OO,10408,64.00), (DL,14683,53.00), (DL,13342,49.00), (DL,13204,47.00), (OO,14771,46.00), (WN,10693,44.00), (DL,11433,42.00), (WN,13232,42.00), (DL,14747,40.00), (OO,13232,39.00), (UA,13930,39.00), (WN,13232,35.00), (OO,13871,34.00), (DL,12953,34.00), (DL,10721,33.00)]"
2025-04-28 12:00:00,9,13303,104,21,23.69,571.00,"[(F9,14100,571.00), (AA,11618,229.00), (NK,12266,220.00), (AA,13204,122.00), (AA,12478,113.00), (AA,15024,108.00), (AA,10599,108.00), (UA,11618,92.00), (AA,10397,82.00), (AA,13244,78.00), (AA,11298,73.00), (AA,12953,69.00), (AA,14843,66.00), (AA,12892,64.00), (AA,10994,62.00), (AA,13495,60.00), (AA,15304,59.00), (AA,13930,57.00), (NK,11057,42.00), (AA,10693,42.00)]"
2025-04-28 18:00:00,1,11298,270,49,15.94,601.00,"[(OO,13158,601.00), (AA,10279,231.00), (AA,10561,174.00), (AA,11618,174.00), (AA,11986,163.00), (AA,13485,154.00), (AA,14893,146.00), (AA,14107,133.00), (OO,12891,129.00), (AA,15016,115.00), (AA,13256,115.00), (UA,11618,112.00), (AA,14730,110.00), (AA,11996,106.00), (OO,10185,103.00), (OO,10155,100.00), (AA,15096,94.00), (AA,11292,94.00), (AA,12889,89.00), (AA,12892,83.00)]"
2025-04-28 18:00:00,10,11278,94,19,21.24,575.00,"[(OH,13487,575.00), (AA,14492,288.00), (YX,12945,219.00), (OH,15016,151.00), (OH,12217,143.00), (OH,14576,110.00), (AS,14771,105.00), (AA,10529,96.00), (WN,13232,79.00), (AA,10785,76.00), (OH,10868,68.00), (OH,10257,66.00), (OH,13296,58.00), (YX,14100,55.00), (WN,13232,40.00), (AA,12451,36.00), (WN,12191,35.00), (YX,14122,33.00), (AA,13303,32.00)]"
2025-04-28 18:00:00,2,13487,87,35,41.25,694.00,"[(DL,12478,694.00), (OO,13851,288.00), (DL,11433,278.00), (DL,10423,261.00), (YX,11618,178.00), (DL,10620,119.00), (OO,12278,106.00), (DL,14908,105.00), (DL,11618,92.00), (OO,14730,75.00), (OO,13871,73.00), (DL,10397,69.00), (OO,12264,64.00), (DL,12953,62.00), (DL,11057,62.00), (DL,14635,60.00), (MQ,13930,59.00), (DL,12892,54.00), (DL,11298,52.00), (DL,13198,49.00)]"
2025-04-28 18:00:00,3,11618,48,34,141.54,477.00,"[(NK,11697,477.00), (AS,14747,417.00), (AA,11057,402.00), (DL,13487,372.00), (F9,10397,296.00), (UA,11697,293.00), (UA,12889,291.00), (UA,12266,258.00), (AA,13303,256.00), (DL,10397,254.00), (UA,14027,243.00), (UA,10721,240.00), (UA,14635,233.00), (UA,12892,228.00), (UA,10785,213.00), (AS,14771,206.00), (UA,15304,205.00), (UA,11057,204.00), (UA,13487,176.00), (UA,11298,170.00)]"
2025-04-28 18:00:00,4,13930,247,33,19.89,1021.00,"[(DL,14747,1021.00), (OO,11337,742.00), (OO,14108,339.00), (UA,14683,319.00), (AA,11618,198.00), (MQ,13076,194.00), (NK,11618,191.00), (DL,14869,188.00), (UA,11618,185.00), (UA,14122,163.00), (UA,13487,134.00), (OO,11721,123.00), (OO,14696,105.00), (AA,11697,102.00), (UA,14057,88.00), (AA,11278,74.00), (UA,11618,68.00), (AS,14771,57.00), (UA,11986,49.00), (MQ,14730,46.00)]"
2025-04-28 18:00:00,5,11292,223,33,10.24,101.00,"[(WN,10713,101.00), (UA,10423,98.00), (WN,14524,97.00), (OO,11109,93.00), (OO,14534,92.00), (WN,14831,89.00), (UA,12266,85.00), (UA,13502,78.00), (WN,13487,70.00), (WN,14908,56.00), (OO,14812,55.00), (UA,12441,54.00), (WN,14747,53.00), (AS,14057,52.00), (F9,12266,50.00), (WN,14100,46.00), (WN,10693,45.00), (WN,14869,45.00), (WN,14683,44.00), (UA,14831,41.00)]"
2025-04-28 18:00:00,6,10397,285,32,7.54,316.00,"[(F9,11618,316.00), (DL,11618,168.00), (DL,11618,140.00), (NK,11618,115.00), (AA,13303,110.00), (DL,11042,91.00), (DL,10423,76.00), (DL,13204,75.00), (DL,14122,69.00), (DL,11292,65.00), (DL,14683,57.00), (DL,11433,57.00), (DL,10821,55.00), (DL,11193,55.00), (DL,13342,55.00), (DL,11618,52.00), (DL,14576,52.00), (DL,11057,49.00), (DL,12953,45.00), (F9,12478,44.00)]"
2025-04-28 18:00:00,7,11057,194,29,18.42,874.00,"[(OH,14108,874.00), (AA,11618,337.00), (OH,11996,244.00), (AA,12889,195.00), (UA,11618,179.00), (AA,15304,169.00), (AA,11042,167.00), (OH,11995,133.00), (AA,11618,113.00), (OH,12945,112.00), (OH,13931,105.00), (OH,11973,70.00), (OH,12945,69.00), (OH,10599,62.00), (AA,13930,56.00), (AA,13577,55.00), (OH,12264,54.00), (OH,14730,53.00), (AA,10721,50.00), (AA,14576,49.00)]"
2025-04-28 18:00:00,8,13303,111,20,17.52,432.00,"[(AA,15304,432.00), (AA,10423,185.00), (AA,12892,171.00), (AA,11618,138.00), (AA,11298,124.00), (NK,13495,101.00), (NK,12953,96.00), (AA,15412,86.00), (AA,12266,80.00), (AA,10721,66.00), (AA,12323,66.00), (AA,10721,59.00), (AA,11292,59.00), (AA,13931,54.00), (AA,10397,44.00), (AA,14685,43.00), (UA,11618,41.00), (AA,12892,39.00), (AA,10821,33.00), (AA,11278,32.00)]"
2025-04-28 18:00:00,9,13204,108,20,12.20,140.00,"[(AA,13303,140.00), (UA,11618,135.00), (WN,11278,118.00), (WN,10792,85.00), (B6,12478,80.00), (DL,11278,72.00), (WN,13232,65.00), (DL,13487,61.00), (WN,11259,59.00), (NK,12266,55.00), (NK,14100,53.00), (AA,14100,48.00), (B6,10792,42.00), (WN,13495,35.00), (WN,13342,34.00), (WN,11697,34.00), (UA,12892,33.00), (WN,10423,32.00), (WN,11292,32.00), (WN,14122,32.00)]"
2025-04-29 06:00:00,1,13930,315,18,0.33,179.00,"[(YX,15016,179.00), (OO,10408,135.00), (AA,14107,123.00), (OO,13342,98.00), (DL,14747,91.00), (OO,12217,81.00), (AA,12953,80.00), (MQ,13076,67.00), (UA,11298,66.00), (AA,11278,63.00), (OO,15380,61.00), (AA,14747,55.00), (AS,14747,52.00), (AA,13487,44.00), (OO,14633,44.00), (OO,12992,43.00), (AA,14986,43.00), (MQ,12884,33.00)]"
2025-04-29 06:00:00,10,10397,278,8,-0.60,238.00,"[(NK,10821,238.00), (DL,15016,148.00), (F9,10423,77.00), (DL,10721,56.00), (DL,11697,44.00), (DL,11066,39.00), (DL,11057,36.00), (DL,11193,33.00)]"
2025-04-29 06:00:00,2,14747,181,14,2.81,78.00,"[(DL,13930,78.00), (AS,10693,71.00), (AS,10299,58.00), (DL,10423,54.00), (UA,13930,42.00), (AS,14869,35.00), (AS,12478,35.00), (AS,14679,34.00), (AS,12758,34.00), (HA,13830,34.00), (AS,12889,33.00), (AS,11884,32.00), (AS,12892,31.00), (AS,14107,31.00)]"
2025-04-29 06:00:00,3,11298,290,13,3.57,655.00,"[(DL,10397,655.00), (AA,11433,132.00), (AA,14747,115.00), (OO,11413,102.00), (AA,12889,90.00), (OO,11193,80.00), (AA,13342,60.00), (OO,14314,54.00), (NK,12953,52.00), (AA,14747,42.00), (OO,12278,40.00), (AA,15304,35.00), (AA,14100,31.00)]"
2025-04-29 06:00:00,4,11278,164,12,-1.05,171.00,"[(OH,13931,171.00), (OH,13485,114.00), (OH,14685,109.00), (B6,14027,90.00), (WN,13232,81.00), (OH,10785,68.00), (OH,10599,67.00), (OH,10529,59.00), (WN,13198,50.00), (AS,12892,35.00), (AA,13930,31.00), (AS,14679,31.00)]"
2025-04-29 06:00:00,5,11618,108,11,5.99,212.00,"[(AS,12892,212.00), (UA,14685,168.00), (NK,13204,145.00), (AS,14771,77.00), (AS,14747,57.00), (UA,14843,49.00), (DL,10397,43.00), (UA,14771,39.00), (AA,11057,37.00), (NK,10397,35.00), (YX,11986,33.00)]"
2025-04-29 06:00:00,6,12892,211,10,5.00,630.00,"[(DL,12478,630.00), (DL,12478,515.00), (UA,11618,298.00), (AA,11298,141.00), (AA,12173,88.00), (AS,14747,50.00), (AS,14747,49.00), (DL,10397,37.00), (UA,11618,35.00), (AS,11618,32.00)]"
2025-04-29 06:00:00,7,11292,302,9,1.57,384.00,"[(DL,12478,384.00), (DL,14869,183.00), (UA,13891,155.00), (UA,14771,99.00), (UA,11057,66.00), (UA,13485,49.00), (UA,12264,47.00), (OO,14457,43.00), (WN,12191,33.00)]"
2025-04-29 06:00:00,8,11057,186,8,2.15,202.00,"[(OH,11252,202.00), (OH,10431,187.00), (OH,15370,138.00), (AA,15024,92.00), (AA,10792,91.00), (AA,13342,60.00), (AA,10529,57.00), (AA,14524,56.00)]"
2025-04-29 06:00:00,9,14107,220,8,-0.44,166.00,"[(WN,13204,166.00), (AA,12982,117.00), (AA,14869,75.00), (AA,13342,43.00), (WN,11042,39.00), (DL,11433,37.00), (WN,13796,34.00), (AA,11603,33.00)]"
2025-04-29 12:00:00,1,11292,288,26,6.55,244.00,"[(DL,11433,244.00), (OO,11637,175.00), (OO,10372,132.00), (UA,12339,110.00), (WN,13487,100.00), (WN,11433,99.00), (OO,14457,96.00), (UA,11298,71.00), (WN,13204,66.00), (WN,13244,65.00), (WN,13232,62.00), (WN,12278,60.00), (OO,11122,58.00), (UA,11433,58.00), (WN,14107,57.00), (WN,14492,51.00), (UA,11423,48.00), (WN,10821,40.00), (WN,13232,38.00), (OO,13851,37.00)]"
2025-04-29 12:00:00,10,14747,130,15,5.55,94.00,"[(AA,11298,94.00), (DL,14771,80.00), (WN,11292,71.00), (AS,12892,61.00), (AS,12478,58.00), (AS,11292,58.00), (AS,10721,53.00), (AS,11278,52.00), (AS,13930,48.00), (AA,13930,42.00), (DL,12892,42.00), (WN,12889,38.00), (UA,11292,37.00), (AS,10299,36.00), (AS,11630,32.00)]"
2025-04-29 12:00:00,2,11057,175,24,11.78,256.00,"[(OH,14685,256.00), (YX,12953,207.00), (AA,14027,193.00), (AA,14122,128.00), (OH,10994,121.00), (AA,12892,113.00), (AA,12339,112.00), (OH,11146,90.00), (OH,11973,84.00), (AA,11624,71.00), (OH,13485,70.00), (DL,10397,68.00), (OH,10874,61.00), (UA,11292,58.00), (OH,10599,57.00), (OH,11481,56.00), (OH,13360,54.00), (AA,11292,47.00), (AA,13198,44.00), (AA,12451,42.00)]"
2025-04-29 12:00:00,3,14107,190,24,11.71,303.00,"[(AA,11618,303.00), (AA,15304,293.00), (AA,11278,245.00), (WN,13851,182.00), (WN,15016,150.00), (OO,15376,119.00), (F9,12892,109.00), (AA,11603,93.00), (WN,12191,90.00), (AA,14570,89.00), (WN,15016,80.00), (WN,11292,73.00), (WN,11292,66.00), (UA,13930,66.00), (WN,11292,60.00), (AS,14747,59.00), (WN,14869,48.00), (WN,13232,48.00), (WN,11292,41.00), (UA,11292,40.00)]"
2025-04-29 12:00:00,4,12889,153,21,8.25,282.00,"[(UA,12264,282.00), (WN,13342,149.00), (WN,14679,106.00), (WN,10821,84.00), (WN,13930,71.00), (WN,13871,57.00), (B6,10721,51.00), (F9,11292,49.00), (WN,11292,46.00), (WN,15016,43.00), (DL,10397,38.00), (AS,14004,38.00), (WN,13342,38.00), (WN,12954,37.00), (WN,13796,36.00), (WN,11540,35.00), (B6,12478,35.00), (WN,13232,34.00), (WN,14908,32.00), (WN,14683,32.00)]"
2025-04-29 12:00:00,5,10397,290,21,3.02,328.00,"[(F9,13204,328.00), (DL,11298,99.00), (DL,11057,75.00), (DL,14730,64.00), (DL,14771,59.00), (DL,11292,54.00), (DL,14869,51.00), (DL,13931,42.00), (DL,11697,42.00), (DL,12217,41.00), (WN,11278,40.00), (DL,12892,38.00), (DL,15249,38.00), (AS,14747,38.00), (DL,12892,37.00), (DL,12451,37.00), (DL,12339,36.00), (DL,11423,34.00), (F9,11433,32.00), (DL,11042,31.00)]"
2025-04-29 12:00:00,6,13930,272,20,3.95,238.00,"[(UA,11292,238.00), (YX,14122,145.00), (MQ,11203,134.00), (AA,12953,103.00), (AA,14683,98.00), (NK,11618,90.00), (UA,11066,89.00), (OO,10874,80.00), (OO,12945,78.00), (MQ,15919,68.00), (MQ,11193,63.00), (UA,14747,61.00), (YX,11042,49.00), (AA,12953,47.00), (YX,11618,45.00), (AS,14747,37.00), (YX,14492,36.00), (DL,10397,34.00), (MQ,10140,34.00), (OO,14108,33.00)]"
2025-04-29 12:00:00,7,11298,294,18,3.06,200.00,"[(AA,14100,200.00), (AA,13342,109.00), (DL,10397,99.00), (DL,12953,88.00), (AA,11003,82.00), (NK,11618,76.00), (AA,11481,75.00), (UA,12266,63.00), (AA,11996,62.00), (MQ,13198,61.00), (AA,13204,55.00), (AA,10397,49.00), (AA,11423,46.00), (AA,13204,44.00), (AA,10397,43.00), (AA,12478,41.00), (AA,12953,38.00), (UA,11618,31.00)]"
2025-04-29 12:00:00,8,11278,155,16,5.86,229.00,"[(MQ,12992,229.00), (AA,10994,206.00), (OH,13931,188.00), (OH,10792,82.00), (OH,10529,79.00), (AA,13204,68.00), (WN,10423,62.00), (OH,10257,60.00), (OH,10980,60.00), (YX,14307,60.00), (OH,10397,44.00), (WN,12889,42.00), (WN,12191,39.00), (YX,10721,36.00), (OH,15096,35.00), (AA,13495,34.00)]"
2025-04-29 12:00:00,9,12892,153,15,12.03,461.00,"[(HA,12173,461.00), (AA,12889,400.00), (UA,11618,306.00), (OO,14794,164.00), (WN,11259,148.00), (F9,14107,110.00), (UA,11618,86.00), (WN,12889,79.00), (WN,11292,77.00), (OO,14487,56.00), (F9,11292,45.00), (AA,11057,41.00), (AA,14100,37.00), (UA,14771,34.00), (B6,12478,31.00)]"
2025-04-29 18:00:00,1,11292,200,42,13.96,149.00,"[(WN,13851,149.00), (UA,10721,117.00), (OO,12012,83.00), (WN,14771,82.00), (OO,10372,81.00), (WN,14057,79.00), (UA,13264,76.00), (OO,11109,73.00), (WN,10423,72.00), (WN,12892,68.00), (WN,15016,67.00), (DL,14869,66.00), (WN,13232,66.00), (WN,13198,62.00), (WN,10140,61.00), (WN,13871,58.00), (WN,13495,56.00), (WN,13487,54.00), (WN,10693,54.00), (UA,15096,53.00)]"
2025-04-29 18:00:00,10,10397,245,12,1.40,113.00,"[(F9,11618,113.00), (UA,11618,111.00), (B6,12478,102.00), (NK,11618,99.00), (DL,13487,77.00), (DL,12264,55.00), (DL,11618,52.00), (DL,12266,50.00), (DL,11618,49.00), (DL,11292,46.00), (DL,14689,45.00), (DL,11996,32.00)]"
2025-04-29 18:00:00,2,11278,93,23,17.06,169.00,"[(OH,10868,169.00), (OH,10874,160.00), (AA,11057,157.00), (OH,11193,121.00), (OH,13485,99.00), (AA,10994,85.00), (OH,13296,82.00), (YX,14100,68.00), (OH,14492,60.00), (YX,12953,59.00), (OH,11042,56.00), (YX,12339,53.00), (YX,12478,49.00), (OH,11433,44.00), (OH,11423,42.00), (OH,10257,41.00), (OH,11996,40.00), (OH,10792,35.00), (OH,15096,35.00), (OH,11267,34.00)]"
2025-04-29 18:00:00,3,11057,182,19,6.53,215.00,"[(YX,10721,215.00), (AA,15016,112.00), (AA,14307,95.00), (AA,14027,93.00), (AA,13931,89.00), (OH,11146,75.00), (OH,12264,74.00), (AA,11996,69.00), (OH,12945,66.00), (OH,10781,64.00), (OH,10599,62.00), (OH,14696,58.00), (AA,14492,47.00), (OH,14193,46.00), (OH,10208,40.00), (AA,14730,40.00), (AA,11618,39.00), (OH,12951,38.00), (AA,13244,33.00)]"
2025-04-29 18:00:00,4,11618,79,16,27.82,694.00,"[(AA,11057,694.00), (UA,14893,261.00), (B6,13204,207.00), (F9,10397,139.00), (YX,15016,109.00), (YX,14730,80.00), (YX,12339,79.00), (NK,11298,74.00), (UA,13931,68.00), (UA,14771,65.00), (UA,14747,63.00), (YX,14122,61.00), (UA,14321,53.00), (NK,11697,49.00), (DL,14869,39.00), (UA,12892,35.00)]"
2025-04-29 18:00:00,5,12478,61,15,13.62,141.00,"[(YX,12339,141.00), (B6,14576,112.00), (B6,11697,104.00), (YX,14524,83.00), (YX,14122,83.00), (YX,14492,61.00), (B6,10792,55.00), (B6,11278,52.00), (B6,14492,48.00), (B6,12892,47.00), (DL,10721,39.00), (AS,14771,37.00), (DL,14057,35.00), (YX,11066,33.00), (DL,12889,31.00)]"
2025-04-29 18:00:00,6,13930,224,15,4.65,166.00,"[(OO,11423,166.00), (UA,11618,134.00), (OO,10980,127.00), (YX,11433,116.00), (OO,11076,107.00), (DL,14747,79.00), (AA,10821,74.00), (UA,11618,69.00), (UA,12266,67.00), (AA,11278,66.00), (OO,14696,48.00), (AA,12339,41.00), (MQ,14783,39.00), (YX,12339,35.00), (OO,13342,35.00)]"
2025-04-29 18:00:00,7,11298,248,15,1.79,93.00,"[(AA,11481,93.00), (AA,15096,73.00), (OO,10185,72.00), (AA,13930,69.00), (AA,10792,66.00), (AA,10257,59.00), (MQ,10747,56.00), (AA,11057,53.00), (AA,14679,50.00), (AA,10599,43.00), (MQ,11921,40.00), (AA,14492,37.00), (AA,12892,35.00), (UA,11618,33.00), (AA,14893,31.00)]"
2025-04-29 18:00:00,8,14107,134,13,5.99,263.00,"[(WN,14869,263.00), (WN,10800,178.00), (OO,13851,115.00), (WN,11259,74.00), (OO,14794,69.00), (AA,11292,54.00), (OO,13476,52.00), (AA,13204,52.00), (OO,14262,50.00), (WN,12889,48.00), (AA,12889,37.00), (WN,14057,37.00), (WN,13851,31.00)]"
2025-04-29 18:00:00,9,10721,82,12,7.10,208.00,"[(B6,13204,208.00), (YX,12478,108.00), (UA,11618,83.00), (B6,11433,79.00), (B6,12478,73.00), (YX,11057,67.00), (B6,14635,56.00), (NK,14843,48.00), (YX,11278,48.00), (B6,14747,42.00), (DL,13930,39.00), (B6,10994,37.00)]"
2025-04-30 06:00:00,1,11298,225,55,59.92,827.00,"[(AA,10849,827.00), (OO,11413,676.00), (AA,12173,583.00), (AA,14869,499.00), (MQ,10599,484.00), (MQ,14457,442.00), (AA,14122,430.00), (UA,11292,417.00), (OO,12280,398.00), (OO,14314,381.00), (DL,10397,363.00), (AA,14689,354.00), (UA,11292,351.00), (DL,11433,343.00), (AA,13891,341.00), (DL,10721,338.00), (OO,11109,327.00), (AA,13204,323.00), (DL,13487,287.00), (AA,10693,276.00)]"
2025-04-30 06:00:00,10,14679,104,11,6.73,204.00,"[(WN,11259,204.00), (UA,11618,173.00), (AS,11618,159.00), (OO,10713,132.00), (WN,10821,73.00), (WN,11292,49.00), (UA,14771,46.00), (WN,14831,41.00), (WN,14893,36.00), (AA,14100,35.00), (WN,10821,31.00)]"
2025-04-30 06:00:00,2,12892,207,20,12.49,370.00,"[(DL,11298,370.00), (NK,11298,367.00), (AA,11298,353.00), (AA,12478,292.00), (OO,15919,246.00), (HA,13830,219.00), (UA,11618,201.00), (UA,11618,194.00), (UA,11618,162.00), (AS,11618,116.00), (B6,11618,110.00), (AA,11057,104.00), (UA,11618,84.00), (UA,12982,74.00), (AA,14107,54.00), (B6,11618,44.00), (AA,14100,44.00), (OO,14893,43.00), (UA,13930,39.00), (WN,13495,33.00)]"
2025-04-30 06:00:00,3,14747,179,19,7.60,195.00,"[(AS,11298,195.00), (AS,13930,168.00), (DL,11298,150.00), (AS,11618,134.00), (AS,11618,108.00), (AS,11298,101.00), (DL,13930,91.00), (AS,11697,83.00), (OO,11884,77.00), (WN,13796,77.00), (AS,12173,54.00), (AS,12523,51.00), (AS,13486,39.00), (AS,10849,38.00), (AS,11259,37.00), (AS,14831,37.00), (HA,13830,37.00), (AS,11884,32.00), (AS,10821,31.00)]"
2025-04-30 06:00:00,4,10721,175,16,3.59,253.00,"[(B6,12892,253.00), (DL,12892,198.00), (AA,14100,161.00), (YX,12953,145.00), (YX,11278,128.00), (WN,15016,97.00), (YX,11278,96.00), (B6,13204,84.00), (YX,12953,74.00), (B6,11278,74.00), (B6,11292,56.00), (YX,11278,50.00), (YX,12953,43.00), (YX,12478,43.00), (UA,11618,38.00), (B6,10423,36.00)]"
2025-04-30 06:00:00,5,11259,68,15,64.59,640.00,"[(WN,11540,640.00), (DL,10397,584.00), (WN,10397,451.00), (WN,12451,418.00), (WN,13232,416.00), (WN,12954,410.00), (WN,14893,295.00), (WN,12191,226.00), (WN,11109,224.00), (WN,14869,221.00), (WN,11292,211.00), (WN,13930,53.00), (WN,12992,43.00), (WN,13232,42.00), (WN,12889,34.00)]"
2025-04-30 06:00:00,6,12889,190,15,7.30,269.00,"[(NK,11298,269.00), (WN,11259,216.00), (F9,11298,195.00), (NK,11298,177.00), (UA,11618,143.00), (F9,14771,140.00), (WN,11259,128.00), (WN,13891,76.00), (WN,13851,70.00), (WN,14893,44.00), (AA,11057,39.00), (B6,12478,37.00), (G4,11638,35.00), (AA,14100,33.00), (AA,11057,31.00)]"
2025-04-30 06:00:00,7,11057,192,14,3.85,199.00,"[(OH,14321,199.00), (YX,10721,195.00), (OH,10821,134.00), (AA,12953,71.00), (AA,13204,71.00), (AA,15016,71.00), (OH,10785,70.00), (AA,11042,68.00), (AA,14122,61.00), (OH,14685,59.00), (OH,13360,52.00), (AA,12953,48.00), (UA,13930,48.00), (AA,11423,37.00)]"
2025-04-30 06:00:00,8,14771,164,13,1.32,175.00,"[(B6,12478,175.00), (B6,12478,90.00), (UA,11298,88.00), (UA,11066,57.00), (AS,14679,57.00), (UA,10423,52.00), (WN,15016,50.00), (UA,11618,45.00), (AS,11618,43.00), (UA,14747,41.00), (UA,11618,36.00), (UA,11618,36.00), (WN,13232,32.00)]"
2025-04-30 06:00:00,9,13930,323,12,2.28,476.00,"[(UA,11298,476.00), (DL,12953,295.00), (MQ,11986,112.00), (WN,13204,76.00), (MQ,14783,68.00), (DL,11433,64.00), (MQ,13244,62.00), (MQ,12339,59.00), (NK,14843,44.00), (OO,11471,40.00), (UA,11292,37.00), (UA,13303,36.00)]"
2025-04-30 12:00:00,1,11298,125,106,172.34,800.00,"[(DL,12478,800.00), (AA,11278,612.00), (AA,14262,543.00), (DL,11433,513.00), (UA,11618,488.00), (AA,12892,478.00), (AA,11292,471.00), (UA,12264,454.00), (DL,12953,418.00), (AA,13204,412.00), (AA,11423,406.00), (AA,11278,393.00), (DL,10397,375.00), (DL,14869,330.00), (AA,13303,327.00), (AA,12889,316.00), (OO,12266,313.00), (OO,10728,310.00), (OO,14960,307.00), (AA,13204,290.00)]"
2025-04-30 12:00:00,10,13204,136,23,23.79,351.00,"[(UA,11618,351.00), (AA,11298,322.00), (UA,11618,285.00), (WN,11259,281.00), (NK,11618,250.00), (UA,11618,228.00), (DL,12953,201.00), (AA,11298,178.00), (AA,11298,153.00), (DL,13487,147.00), (F9,11298,147.00), (WN,13930,79.00), (NK,10158,77.00), (F9,14100,74.00), (B6,10721,69.00), (DL,10397,65.00), (WN,11259,59.00), (AA,14100,54.00), (UA,11618,48.00), (UA,11292,44.00)]"
2025-04-30 12:00:00,2,11292,288,47,16.82,850.00,"[(OO,14814,850.00), (WN,13487,223.00), (UA,11298,187.00), (WN,14730,187.00), (WN,13204,175.00), (WN,10821,160.00), (WN,13232,160.00), (WN,11259,148.00), (WN,11697,121.00), (UA,14100,118.00), (UA,11775,112.00), (UA,11618,107.00), (OO,12902,97.00), (UA,13891,96.00), (UA,13930,94.00), (WN,13495,93.00), (UA,11618,89.00), (UA,15016,86.00), (OO,10558,82.00), (OO,14783,81.00)]"
2025-04-30 12:00:00,3,11259,43,43,189.56,472.00,"[(WN,15624,472.00), (WN,13198,435.00), (WN,10800,400.00), (WN,13198,395.00), (WN,15376,381.00), (WN,13495,350.00), (WN,13930,285.00), (WN,10693,271.00), (WN,14679,265.00), (WN,14683,254.00), (WN,10279,243.00), (WN,15370,231.00), (WN,12892,223.00), (WN,13158,215.00), (WN,14683,196.00), (WN,13244,188.00), (WN,12191,172.00), (WN,13495,169.00), (WN,12892,169.00), (WN,12896,167.00)]"
2025-04-30 12:00:00,4,13930,290,37,12.38,310.00,"[(UA,11618,310.00), (UA,11618,303.00), (NK,11618,295.00), (WN,10693,270.00), (UA,11292,259.00), (OO,13342,202.00), (AA,11298,175.00), (AS,14747,153.00), (MQ,12197,134.00), (UA,13487,119.00), (UA,13204,109.00), (WN,11259,107.00), (MQ,11067,88.00), (UA,12892,85.00), (UA,14747,68.00), (AA,14908,68.00), (OO,14783,65.00), (OO,11721,65.00), (YX,12266,64.00), (MQ,11618,62.00)]"
2025-04-30 12:00:00,5,11618,97,36,44.90,845.00,"[(YX,10581,845.00), (NK,11697,289.00), (NK,13303,194.00), (B6,11697,192.00), (UA,10721,180.00), (UA,11042,179.00), (UA,12266,178.00), (UA,10423,164.00), (DL,10397,147.00), (UA,12889,130.00), (AS,14057,117.00), (DL,10397,113.00), (AS,14747,110.00), (UA,14986,108.00), (NK,10994,104.00), (UA,12264,96.00), (AS,14679,95.00), (UA,12889,87.00), (UA,11057,84.00), (UA,10423,81.00)]"
2025-04-30 12:00:00,6,14107,186,34,17.02,305.00,"[(WN,12339,305.00), (NK,11298,268.00), (WN,13232,266.00), (WN,11540,228.00), (OO,10713,145.00), (WN,10800,143.00), (WN,12954,140.00), (WN,11292,137.00), (AA,14908,114.00), (WN,14908,109.00), (AA,11618,105.00), (WN,10800,81.00), (MQ,14893,80.00), (WN,10140,70.00), (AA,14689,67.00), (WN,13342,63.00), (AA,14122,58.00), (AS,14747,56.00), (AA,14683,52.00), (WN,12889,47.00)]"
2025-04-30 12:00:00,7,10423,94,32,37.93,408.00,"[(AA,11298,408.00), (UA,11618,265.00), (AA,12892,196.00), (WN,12339,170.00), (AA,14107,163.00), (WN,11259,156.00), (UA,11292,129.00), (UA,13930,125.00), (AA,11057,123.00), (DL,11433,118.00), (UA,12266,115.00), (AA,14107,102.00), (AA,13303,100.00), (WN,11259,98.00), (WN,10800,90.00), (WN,11697,70.00), (DL,12892,66.00), (AA,11057,65.00), (WN,10821,63.00), (WN,14679,59.00)]"
2025-04-30 12:00:00,8,11278,153,28,17.24,876.00,"[(OH,15412,876.00), (AA,11057,210.00), (OH,13296,140.00), (OH,15096,127.00), (WN,10397,121.00), (OH,11066,119.00), (OH,10693,107.00), (AA,11298,92.00), (YX,10721,87.00), (MQ,11624,86.00), (UA,13930,83.00), (OH,13931,71.00), (OH,11057,65.00), (OH,14576,62.00), (AA,13495,56.00), (OH,10257,50.00), (AA,11298,47.00), (OH,10792,46.00), (YX,10721,45.00), (AA,13930,44.00)]"
2025-04-30 12:00:00,9,12889,154,25,21.05,1017.00,"[(AA,11298,1017.00), (AA,14107,210.00), (WN,12954,208.00), (WN,11292,168.00), (WN,14057,162.00), (WN,14893,132.00), (DL,13487,129.00), (UA,11618,124.00), (UA,11618,112.00), (WN,11292,96.00), (WN,10693,70.00), (WN,11259,66.00), (WN,14492,63.00), (UA,12266,49.00), (UA,11618,48.00), (NK,12266,48.00), (WN,14683,45.00), (WN,12896,41.00), (WN,10800,40.00), (UA,14771,40.00)]"
